season,game_id,game_date,player_id,player_name_jap,player_name,player_jersey_number,position,team_id,batting_G,batting_GS,batting_PA,batting_AB,batting_R,batting_H,batting_2B,batting_3B,batting_HR,batting_RBI,batting_SB,batting_CS,batting_BB,batting_SO,batting_HBP,batting_SH,batting_SF,batting_E,pitcher_order_number,pitching_G,pitching_GS,pitching_W,pitching_L,pitching_ERA,pitching_IP,pitching_IP_str,pitching_CG,pitching_SHO,pitching_SV,pitching_H,pitching_R,pitching_ER,pitching_HR,pitching_IBB,pitching_BB,pitching_SO,pitching_HBP,pitching_BK,pitching_BF,pitching_PI
2026,2021039377,2026-09-05,12101,中村 剛也,,60,指,7,1.0,1,4,4,0,3,1,0,0,1,0,,0,0,0,0,0,0,,,,,,,,,,,,,,,,,,,,,,
2026,2021039377,2026-09-05,1000128,柳田 悠岐,,9,指,12,1.0,1,4,3,1,0,0,0,0,0,0,,1,1,0,0,0,0,,,,,,,,,,,,,,,,,,,,,,
2026,2021039377,2026-09-05,1100097,近藤 健介,,3,左,12,1.0,1,4,3,1,1,1,0,0,0,0,,1,0,0,0,0,0,,,,,,,,,,,,,,,,,,,,,,
2026,2021039377,2026-09-05,1400127,栗原 陵矢,,24,三,12,1.0,1,4,3,0,0,0,0,0,0,0,,1,1,0,0,0,0,,,,,,,,,,,,,,,,,,,,,,
2026,2021039377,2026-09-05,1400182,高橋 光成,Takahashi Mitsunari,13,,7,,,,,,,,,,,,,,,,,,,1,1.0,,9,6,2.69,2.0,2.0,,,0,4,3,3,1,,3,0,0,,13,48
2026,2021039377,2026-09-05,1400184,外崎 修汰,,5,二,7,1.0,1,3,3,0,0,0,0,0,1,0,,0,2,0,0,0,0,,,,,,,,,,,,,,,,,,,,,,
2026,2021039377,2026-09-05,1500117,平沢 大河,,39,左,7,1.0,1,4,4,0,2,0,0,0,0,0,,0,1,0,0,0,0,,,,,,,,,,,,,,,,,,,,,,
2026,2021039377,2026-09-05,1500140,谷川原 健太,,45,右,12,1.0,0,0,0,0,0,0,0,0,0,0,,0,0,0,0,0,0,,,,,,,,,,,,,,,,,,,,,,
2026,2021039377,2026-09-05,1500143,川瀬 晃,,0,遊,12,1.0,1,4,3,1,0,0,0,0,0,0,,1,1,0,0,0,0,,,,,,,,,,,,,,,,,,,,,,
2026,2021039377,2026-09-05,1560184,オスナ,Osu na,54,,12,,,,,,,,,,,,,,,,,,,6,1.0,0.0,1,2,2.97,1.0,1.0,,,0,0,0,0,0,,0,0,0,,3,14
2026,2021039377,2026-09-05,1600151,黒木 優太,Kuroki Yuuta,54,,7,,,,,,,,,,,,,,,,,,,5,1.0,0.0,1,0,1.13,1.0,1.0,,,0,0,0,0,0,,0,0,0,,3,7
2026,2021039377,2026-09-05,1650813,川村 友斗,,61,中,12,1.0,0,0,0,0,0,0,0,0,0,0,,0,0,0,0,0,0,,,,,,,,,,,,,,,,,,,,,,
2026,2021039377,2026-09-05,1660299,林 安可,,73,打,7,1.0,0,1,1,0,0,0,0,0,0,0,,0,0,0,0,0,0,,,,,,,,,,,,,,,,,,,,,,
2026,2021039377,2026-09-05,1700066,山本 祐大,,39,捕,12,1.0,1,4,4,1,1,1,0,0,2,0,,0,1,0,0,0,0,,,,,,,,,,,,,,,,,,,,,,
2026,2021039377,2026-09-05,1700135,周東 佑京,,23,中,12,1.0,1,5,4,0,1,0,0,0,0,0,,0,0,0,1,0,0,,,,,,,,,,,,,,,,,,,,,,
2026,2021039377,2026-09-05,1800080,松本 航,Matsumoto Wataru,17,,7,,,,,,,,,,,,,,,,,,,4,1.0,0.0,0,0,8.44,2.0,2.0,,,1,4,5,5,1,,2,2,0,,12,38
2026,2021039377,2026-09-05,1900065,柘植 世那,,37,捕,7,1.0,1,3,3,0,1,0,0,0,0,0,,0,0,0,0,0,0,,,,,,,,,,,,,,,,,,,,,,
2026,2021039377,2026-09-05,1900102,津森 宥紀,Tsumori ??,11,,12,,,,,,,,,,,,,,,,,,,4,1.0,0.0,2,0,1.34,1.0,1.0,,,1,0,0,0,0,,0,1,0,,3,17
2026,2021039377,2026-09-05,1900104,柳町 達,,32,右左,12,1.0,1,4,4,2,3,0,1,1,3,0,,0,0,0,0,0,0,,,,,,,,,,,,,,,,,,,,,,
2026,2021039377,2026-09-05,1950149,庄子 雄大,,25,二,12,1.0,1,4,4,0,1,1,0,0,2,0,,0,2,0,0,0,0,,,,,,,,,,,,,,,,,,,,,,
2026,2021039377,2026-09-05,1950417,渡部 聖弥,,8,三,7,1.0,1,4,4,1,1,0,0,0,0,0,,0,1,0,0,0,0,,,,,,,,,,,,,,,,,,,,,,
2026,2021039377,2026-09-05,1961052,ヘルナンデス,Herunandesu,63,,12,,,,,,,,,,,,,,,,,,,3,1.0,0.0,0,2,1.56,1.0,1.0,,,0,0,0,0,0,,0,3,0,,3,18
2026,2021039377,2026-09-05,2000008,伊藤 優輔,Itou Yuusuke,42,,12,,,,,,,,,,,,,,,,,,,5,1.0,0.0,1,0,1.74,1.0,1.0,,,0,1,0,0,0,,0,1,0,,4,7
2026,2021039377,2026-09-05,2000075,長谷川 信哉,,63,中,7,1.0,1,4,4,0,0,0,0,0,0,0,,0,2,0,0,0,0,,,,,,,,,,,,,,,,,,,,,,
2026,2021039377,2026-09-05,2000077,豆田 泰志,Mameda Yasushi,70,,7,,,,,,,,,,,,,,,,,,,2,1.0,0.0,1,0,1.72,2.0,2.0,,,2,0,0,0,0,,0,2,0,,6,26
2026,2021039377,2026-09-05,2050145,小島 大河,,10,打,7,1.0,0,1,1,0,0,0,0,0,0,0,,0,0,0,0,0,0,,,,,,,,,,,,,,,,,,,,,,
2026,2021039377,2026-09-05,2101047,ネビン,,26,一,7,1.0,1,4,3,0,0,0,0,0,0,0,,1,0,0,0,0,0,,,,,,,,,,,,,,,,,,,,,,
2026,2021039377,2026-09-05,2102969,鈴木 豪太,Suzuki Gouta,26,,12,,,,,,,,,,,,,,,,,,,2,1.0,0.0,2,1,1.79,1.6666666666666665,1.2,,,0,0,0,0,0,,0,1,0,,5,18
2026,2021039377,2026-09-05,2103618,滝澤 夏央,,62,遊,7,1.0,1,4,3,0,0,0,0,0,0,0,,1,0,0,0,0,0,,,,,,,,,,,,,,,,,,,,,,
2026,2021039377,2026-09-05,2103714,佐藤 隼輔,Satou Shun Tasuku,19,,7,,,,,,,,,,,,,,,,,,,3,1.0,0.0,4,1,4.32,1.0,1.0,,,1,1,0,0,0,,0,2,0,,4,20
2026,2021039377,2026-09-05,2103735,正木 智也,,31,一,12,1.0,1,5,4,2,2,0,0,1,1,0,,1,0,0,0,0,0,,,,,,,,,,,,,,,,,,,,,,
2026,2021039377,2026-09-05,2104078,前田 悠伍,Maeda Yuu Go,41,,12,,,,,,,,,,,,,,,,,,,1,1.0,,11,0,1.95,3.3333333333333335,3.1,,,0,7,2,2,0,,2,2,0,,17,64
2026,2021039377,2026-09-05,2117028,カナリオ,,25,右,7,1.0,1,3,3,1,1,1,0,0,0,0,,0,2,0,0,0,0,,,,,,,,,,,,,,,,,,,,,,
2026,2021039371,2026-09-04,1000132,山田 哲人,,1,打,2,1.0,0,1,1,0,0,0,0,0,0,0,,0,0,0,0,0,0,,,,,,,,,,,,,,,,,,,,,,
2026,2021039371,2026-09-04,1500087,坂本 誠志郎,,12,捕,5,1.0,1,4,4,0,0,0,0,0,0,0,,0,2,0,0,0,0,,,,,,,,,,,,,,,,,,,,,,
2026,2021039371,2026-09-04,1600033,ドリス,Doris,98,投,5,1.0,0,0,0,0,0,0,0,0,0,0,,0,0,0,0,0,0,2,1.0,0.0,2,3,1.71,1.0,1.0,,,19,1,0,0,0,,0,1,0,,3,10
2026,2021039371,2026-09-04,1600075,星 知弥,Hoshi Chi Wataru,24,投,2,1.0,0,0,0,0,0,0,0,0,0,0,,0,0,0,0,0,0,4,1.0,0.0,1,4,2.95,1.0,1.0,,,1,0,0,0,0,,0,2,0,,3,11
2026,2021039371,2026-09-04,1600078,古賀 優大,,2,捕,2,1.0,1,4,4,0,0,0,0,0,0,0,,0,0,0,0,0,0,,,,,,,,,,,,,,,,,,,,,,
2026,2021039371,2026-09-04,1600113,大山 悠輔,,3,一,5,1.0,1,5,5,0,4,2,0,0,2,0,,0,0,0,0,0,1,,,,,,,,,,,,,,,,,,,,,,
2026,2021039371,2026-09-04,1600117,糸原 健斗,,33,打,5,1.0,0,1,1,0,0,0,0,0,0,0,,0,0,0,0,0,0,,,,,,,,,,,,,,,,,,,,,,
2026,2021039371,2026-09-04,1700060,阪口 皓亮,Sakaguchi Akira Ryou,66,投,2,1.0,0,0,0,0,0,0,0,0,0,0,,0,0,0,0,0,0,3,1.0,0.0,0,0,2.16,1.0,1.0,,,0,2,0,0,0,,0,0,0,,5,27
2026,2021039371,2026-09-04,1700131,増田 珠,,63,右,2,1.0,1,4,4,0,1,0,0,0,0,0,,0,1,0,0,0,0,,,,,,,,,,,,,,,,,,,,,,
2026,2021039371,2026-09-04,1750696,松本 健吾,Matsumoto Kengo,28,投,2,1.0,0,0,0,0,0,0,0,0,0,0,,0,0,0,0,0,0,2,1.0,0.0,6,5,3.90,2.0,2.0,,,0,3,2,2,1,,1,3,0,,10,47
2026,2021039371,2026-09-04,1750894,増居 翔太,Zou I Shouta,43,投,2,1.0,1,1,1,0,0,0,0,0,0,0,,0,1,0,0,0,0,1,1.0,,1,1,3.00,3.0,3.0,,,0,5,4,4,1,,1,2,0,,15,48
2026,2021039371,2026-09-04,1800065,近本 光司,,5,中,5,1.0,1,5,5,0,1,0,0,0,0,0,,0,1,0,0,0,0,,,,,,,,,,,,,,,,,,,,,,
2026,2021039371,2026-09-04,1850183,森下 翔太,,1,右,5,1.0,1,5,4,1,0,0,0,0,0,0,,1,1,0,0,0,0,,,,,,,,,,,,,,,,,,,,,,
2026,2021039371,2026-09-04,1851155,石原 勇輝,Ishihara Yuuki,35,投,2,1.0,0,0,0,0,0,0,0,0,0,0,,0,0,0,0,0,0,6,1.0,0.0,0,1,2.63,0.6666666666666666,0.2,,,0,1,1,1,0,,1,0,0,,4,14
2026,2021039371,2026-09-04,1900028,長岡 秀樹,,7,遊,2,1.0,1,4,4,0,1,1,0,0,0,0,,0,0,0,0,0,0,,,,,,,,,,,,,,,,,,,,,,
2026,2021039371,2026-09-04,1900046,及川 雅貴,Oikawa Masataka,37,投,5,1.0,0,0,0,0,0,0,0,0,0,0,,0,0,0,0,0,0,3,1.0,0.0,2,1,3.63,0.6666666666666666,0.2,,,0,3,1,1,0,,0,1,0,,4,20
2026,2021039371,2026-09-04,1950996,前川 右京,,58,左,5,1.0,1,4,3,0,0,0,0,0,1,0,,0,1,0,0,1,0,,,,,,,,,,,,,,,,,,,,,,
2026,2021039371,2026-09-04,2000026,内山 壮真,,3,二,2,1.0,1,4,4,0,0,0,0,0,0,0,,0,0,0,0,0,0,,,,,,,,,,,,,,,,,,,,,,
2026,2021039371,2026-09-04,2000027,元山 飛優,,0,遊,5,1.0,1,4,4,0,0,0,0,0,0,0,,0,1,0,0,0,0,,,,,,,,,,,,,,,,,,,,,,
2026,2021039371,2026-09-04,2000028,並木 秀尊,,0,打左,2,1.0,0,2,2,0,0,0,0,0,0,0,,0,1,0,0,0,0,,,,,,,,,,,,,,,,,,,,,,
2026,2021039371,2026-09-04,2000031,赤羽 由紘,,0,三,2,1.0,1,4,4,2,3,1,0,1,3,0,,0,1,0,0,0,0,,,,,,,,,,,,,,,,,,,,,,
2026,2021039371,2026-09-04,2000033,丸山 翔大,Maruyama Shoudai,68,投,2,1.0,0,0,0,0,0,0,0,0,0,0,,0,0,0,0,0,0,5,1.0,0.0,0,2,3.50,1.0,1.0,,,0,0,0,0,0,,0,0,0,,3,9
2026,2021039371,2026-09-04,2000051,佐藤 輝明,,8,三,5,1.0,1,5,4,3,3,0,0,2,4,0,,1,1,0,0,0,2,,,,,,,,,,,,,,,,,,,,,,
2026,2021039371,2026-09-04,2000052,伊藤 将司,Itou Masashi,27,投,5,1.0,1,2,2,0,1,0,0,0,0,0,,0,0,0,0,0,0,1,1.0,,2,2,2.54,5.0,5.0,,,0,4,3,1,1,,0,1,0,,21,70
2026,2021039371,2026-09-04,2000056,中野 拓夢,,7,二,5,1.0,1,5,4,3,3,0,0,0,0,0,,1,0,0,0,0,0,,,,,,,,,,,,,,,,,,,,,,
2026,2021039371,2026-09-04,2000057,高寺 望夢,,67,左,5,1.0,0,1,1,0,0,0,0,0,0,0,,0,0,0,0,0,0,,,,,,,,,,,,,,,,,,,,,,
2026,2021039371,2026-09-04,2000133,オスナ,,13,一,2,1.0,1,4,4,0,2,1,0,0,0,0,,0,0,0,0,0,0,,,,,,,,,,,,,,,,,,,,,,
2026,2021039371,2026-09-04,2000135,サンタナ,,25,左,2,1.0,1,4,4,0,0,0,0,0,0,0,,0,1,0,0,0,0,,,,,,,,,,,,,,,,,,,,,,
2026,2021039371,2026-09-04,2103917,岩田 幸宏,,64,中,2,1.0,1,4,4,2,1,0,0,0,0,0,,0,0,0,0,0,0,,,,,,,,,,,,,,,,,,,,,,
2026,2021039371,2026-09-04,2110225,福島 圭音,,92,打,5,1.0,0,1,1,0,0,0,0,0,0,0,,0,0,0,0,0,0,,,,,,,,,,,,,,,,,,,,,,
2026,2021039371,2026-09-04,2112146,工藤 泰成,Kudou Yasunari,49,投,5,1.0,0,0,0,0,0,0,0,0,0,0,,0,0,0,0,0,0,5,1.0,0.0,3,0,1.11,1.0,1.0,,,9,0,0,0,0,,0,1,0,,3,11
2026,2021039371,2026-09-04,2112444,木下 里都,Kinoshita Sato To,54,投,5,1.0,0,0,0,0,0,0,0,0,0,0,,0,0,0,0,0,0,4,1.0,0.0,4,1,1.59,1.3333333333333333,1.1,,,0,0,0,0,0,,0,1,0,,5,18
2026,2021039371,2026-09-04,2122334,リランソ,Riran Soviet,62,投,2,1.0,0,0,0,0,0,0,0,0,0,0,,0,0,0,0,0,0,7,1.0,0.0,2,3,1.50,0.3333333333333333,0.1,,,0,1,0,0,0,,0,0,0,,2,7
2026,2021039385,2026-09-05,1000002,筒香 嘉智,,25,三,3,1.0,1,4,3,1,2,0,0,0,0,0,,1,0,0,0,0,0,,,,,,,,,,,,,,,,,,,,,,
2026,2021039385,2026-09-05,1300075,岩崎 優,Iwasaki Yuu,13,投,5,1.0,0,0,0,0,0,0,0,0,0,0,,0,0,0,0,0,0,5,1.0,0.0,3,3,2.65,1.0,1.0,,,11,1,0,0,0,,0,1,0,,3,17
2026,2021039385,2026-09-05,1500063,柴田 竜拓,,31,三,3,1.0,0,0,0,0,0,0,0,0,0,0,,0,0,0,0,0,0,,,,,,,,,,,,,,,,,,,,,,
2026,2021039385,2026-09-05,1500087,坂本 誠志郎,,12,捕,5,1.0,1,4,3,0,0,0,0,0,0,0,,0,2,1,0,0,0,,,,,,,,,,,,,,,,,,,,,,
2026,2021039385,2026-09-05,1600089,佐野 恵太,,7,打一,3,1.0,0,2,2,0,0,0,0,0,0,0,,0,0,0,0,0,0,,,,,,,,,,,,,,,,,,,,,,
2026,2021039385,2026-09-05,1600113,大山 悠輔,,3,一,5,1.0,1,4,4,0,1,1,0,0,0,0,,0,0,0,0,0,0,,,,,,,,,,,,,,,,,,,,,,
2026,2021039385,2026-09-05,1600116,浜地 真澄,Hamachi Masumi,52,投,3,1.0,0,0,0,0,0,0,0,0,0,0,,0,0,0,0,0,0,4,1.0,0.0,0,0,0.83,1.0,1.0,,,0,0,0,0,0,,0,0,0,,3,15
2026,2021039385,2026-09-05,1600117,糸原 健斗,,33,打,5,1.0,0,1,1,0,0,0,0,0,0,0,,0,0,0,0,0,0,,,,,,,,,,,,,,,,,,,,,,
2026,2021039385,2026-09-05,1650915,竹田 祐,Takeda Yuu,12,投,3,1.0,1,3,2,0,0,0,0,0,1,0,,1,0,0,0,0,0,1,1.0,,2,3,5.20,5.333333333333333,5.1,,,0,4,1,1,1,,1,3,1,,21,86
2026,2021039385,2026-09-05,1700067,中川 虎大,Nakagawa Toradai,64,投,3,1.0,0,0,0,0,0,0,0,0,0,0,,0,0,0,0,0,0,2,1.0,0.0,5,5,2.34,0.6666666666666666,0.2,,,0,0,0,0,0,,0,0,0,,2,6
2026,2021039385,2026-09-05,1700137,大竹 耕太郎,Ootake Koutarou,21,投,5,1.0,1,0,0,0,0,0,0,0,0,0,,0,0,0,0,0,0,1,1.0,,5,9,3.05,2.0,2.0,,,0,6,3,3,0,,2,3,0,,13,49
2026,2021039385,2026-09-05,1800065,近本 光司,,5,中,5,1.0,1,4,4,0,1,0,0,0,0,0,,0,0,0,0,0,0,,,,,,,,,,,,,,,,,,,,,,
2026,2021039385,2026-09-05,1850183,森下 翔太,,1,右,5,1.0,1,4,2,0,0,0,0,0,0,0,,1,1,1,0,0,0,,,,,,,,,,,,,,,,,,,,,,
2026,2021039385,2026-09-05,1850208,林 琢真,,0,二,3,1.0,0,2,1,1,0,0,0,0,0,0,,1,0,0,0,0,0,,,,,,,,,,,,,,,,,,,,,,
2026,2021039385,2026-09-05,1850873,度会 隆輝,,4,左,3,1.0,1,5,4,0,3,1,0,0,2,1,,1,0,0,0,0,0,,,,,,,,,,,,,,,,,,,,,,
2026,2021039385,2026-09-05,1900032,伊勢 大夢,Ise Taimu,13,投,3,1.0,0,0,0,0,0,0,0,0,0,0,,0,0,0,0,0,0,3,1.0,0.0,2,2,2.48,1.0,1.0,,,0,0,0,0,0,,0,0,0,,3,10
2026,2021039385,2026-09-05,1900035,蝦名 達夫,,61,中,3,1.0,1,5,4,0,0,0,0,0,0,0,,0,2,0,1,0,0,,,,,,,,,,,,,,,,,,,,,,
2026,2021039385,2026-09-05,1900046,及川 雅貴,Oikawa Masataka,37,投,5,1.0,0,0,0,0,0,0,0,0,0,0,,0,0,0,0,0,0,6,1.0,0.0,2,1,3.53,1.0,1.0,,,0,0,0,0,0,,0,1,0,,3,11
2026,2021039385,2026-09-05,1950996,前川 右京,,58,左,5,1.0,0,3,3,0,1,1,0,0,0,0,,0,0,0,0,0,0,,,,,,,,,,,,,,,,,,,,,,
2026,2021039385,2026-09-05,2000027,元山 飛優,,0,遊,5,1.0,1,3,3,0,1,0,0,0,0,0,,0,1,0,0,0,0,,,,,,,,,,,,,,,,,,,,,,
2026,2021039385,2026-09-05,2000035,牧 秀悟,,2,二,3,1.0,1,3,2,0,1,1,0,0,0,0,,0,1,1,0,0,0,,,,,,,,,,,,,,,,,,,,,,
2026,2021039385,2026-09-05,2000051,佐藤 輝明,,8,三,5,1.0,1,4,4,1,1,0,0,1,1,0,,0,1,0,0,0,0,,,,,,,,,,,,,,,,,,,,,,
2026,2021039385,2026-09-05,2000056,中野 拓夢,,7,二,5,1.0,1,4,4,0,0,0,0,0,0,0,,0,0,0,0,0,0,,,,,,,,,,,,,,,,,,,,,,
2026,2021039385,2026-09-05,2000057,高寺 望夢,,67,左,5,1.0,1,1,1,0,0,0,0,0,0,0,,0,0,0,0,0,0,,,,,,,,,,,,,,,,,,,,,,
2026,2021039385,2026-09-05,2000108,井上 朋也,,40,一,3,1.0,1,2,2,0,0,0,0,0,0,0,,0,2,0,0,0,0,,,,,,,,,,,,,,,,,,,,,,
2026,2021039385,2026-09-05,2100014,宮下 朝陽,,34,遊,3,1.0,1,4,4,1,2,0,0,0,0,0,,0,1,0,0,0,0,,,,,,,,,,,,,,,,,,,,,,
2026,2021039385,2026-09-05,2100277,松尾 汐恩,,5,捕,3,1.0,1,4,4,1,2,0,0,0,0,0,,0,1,0,0,0,0,,,,,,,,,,,,,,,,,,,,,,
2026,2021039385,2026-09-05,2103848,岡留 英貴,Okadome Hideki,64,投,5,1.0,0,0,0,0,0,0,0,0,0,0,,0,0,0,0,0,1,3,1.0,0.0,0,0,0.00,1.0,1.0,,,0,2,0,0,0,,1,1,0,,5,20
2026,2021039385,2026-09-05,2103949,古市 尊,,60,打,3,1.0,0,1,1,0,0,0,0,0,0,0,,0,1,0,0,0,0,,,,,,,,,,,,,,,,,,,,,,
2026,2021039385,2026-09-05,2108124,セベリーノ,Seberiino,97,投,5,1.0,0,0,0,0,0,0,0,0,0,0,,0,0,0,0,0,0,4,1.0,0.0,0,0,3.77,1.0,1.0,,,0,2,1,1,0,,1,0,0,,5,19
2026,2021039385,2026-09-05,2108195,エンカーナシオン,,69,右,3,1.0,1,5,4,0,1,1,0,0,1,0,,1,2,0,0,0,0,,,,,,,,,,,,,,,,,,,,,,
2026,2021039385,2026-09-05,2108545,神宮 僚介,Jinguu Ryou Suke,95,投,5,1.0,0,0,0,0,0,0,0,0,0,0,,0,0,0,0,0,0,2,1.0,0.0,0,0,1.54,3.0,3.0,,,0,0,0,0,0,,1,4,1,,11,43
2026,2021039385,2026-09-05,2110225,福島 圭音,,92,打,5,1.0,0,1,1,0,0,0,0,0,0,0,,0,0,0,0,0,0,,,,,,,,,,,,,,,,,,,,,,
2026,2021039385,2026-09-05,2117293,ディベイニー,,24,打,5,1.0,0,1,1,0,0,0,0,0,0,0,,0,0,0,0,0,0,,,,,,,,,,,,,,,,,,,,,,
2026,2021039385,2026-09-05,2117433,レイノルズ,Reynolds,62,投,3,1.0,0,0,0,0,0,0,0,0,0,0,,0,0,0,0,0,0,5,1.0,0.0,4,1,1.33,1.0,1.0,,,14,1,0,0,0,,0,2,1,,5,17
2026,2021039366,2026-09-03,700003,坂本 勇人,,6,三,1,1.0,1,4,4,0,1,0,0,0,0,0,,0,2,0,0,0,0,,,,,,,,,,,,,,,,,,,,,,
2026,2021039366,2026-09-03,800043,丸 佳浩,,8,打,1,1.0,0,1,0,0,0,0,0,0,0,0,,1,0,0,0,0,0,,,,,,,,,,,,,,,,,,,,,,
2026,2021039366,2026-09-03,1000002,筒香 嘉智,,25,打,3,1.0,0,1,1,0,1,0,0,0,1,0,,0,0,0,0,0,0,,,,,,,,,,,,,,,,,,,,,,
2026,2021039366,2026-09-03,1000176,甲斐 拓也,,10,打,1,1.0,0,1,1,0,0,0,0,0,0,0,,0,0,0,0,0,0,,,,,,,,,,,,,,,,,,,,,,
2026,2021039366,2026-09-03,1100095,松本 剛,,9,中左,1,1.0,1,4,4,0,1,0,0,0,1,0,,0,0,0,0,0,0,,,,,,,,,,,,,,,,,,,,,,
2026,2021039366,2026-09-03,1200053,宮崎 敏郎,,51,三,3,1.0,1,5,4,0,1,0,0,0,0,0,,1,2,0,0,0,0,,,,,,,,,,,,,,,,,,,,,,
2026,2021039366,2026-09-03,1500052,中川 皓太,Nakagawa Kouta,41,投,1,1.0,0,0,0,0,0,0,0,0,0,0,,0,0,0,0,0,0,3,1.0,0.0,2,1,1.97,0.3333333333333333,0.1,,,0,0,0,0,0,,0,0,0,,1,3
2026,2021039366,2026-09-03,1500064,戸柱 恭孝,,10,捕,3,1.0,0,1,1,0,0,0,0,0,0,0,,0,0,0,0,0,0,,,,,,,,,,,,,,,,,,,,,,
2026,2021039366,2026-09-03,1600089,佐野 恵太,,7,一,3,1.0,1,5,5,0,2,0,0,0,0,0,,0,0,0,0,0,0,,,,,,,,,,,,,,,,,,,,,,
2026,2021039366,2026-09-03,1650818,鈴木 大和,,59,走,1,1.0,0,0,0,0,0,0,0,0,0,0,,0,0,0,0,0,0,,,,,,,,,,,,,,,,,,,,,,
2026,2021039366,2026-09-03,1700010,マルティネス,Marutinesu,92,投,1,1.0,0,0,0,0,0,0,0,0,0,0,,0,0,0,0,0,0,5,1.0,0.0,4,3,1.43,1.0,1.0,,,36,0,0,0,0,,0,0,0,,3,6
2026,2021039366,2026-09-03,1700027,田中 瑛斗,Tanaka Akira To,45,投,1,1.0,0,0,0,0,0,0,0,0,0,0,,0,0,0,0,0,0,4,1.0,0.0,2,3,1.76,1.0,1.0,,,2,2,1,1,0,,0,0,1,,6,11
2026,2021039366,2026-09-03,1700044,大城 卓三,,24,捕,1,1.0,1,4,4,0,1,0,0,0,0,0,,0,1,0,0,0,0,,,,,,,,,,,,,,,,,,,,,,
2026,2021039366,2026-09-03,1700058,東 克樹,Azuma Katsuki,11,投,3,1.0,1,3,2,0,0,0,0,0,0,0,,0,0,0,1,0,0,1,1.0,,10,5,2.30,7.0,7.0,,,0,4,1,1,0,,0,7,0,,24,69
2026,2021039366,2026-09-03,1700059,神里 和毅,,8,走中,3,1.0,0,0,0,1,0,0,0,0,0,0,,0,0,0,0,0,0,,,,,,,,,,,,,,,,,,,,,,
2026,2021039366,2026-09-03,1700067,中川 虎大,Nakagawa Toradai,64,投,3,1.0,0,0,0,0,0,0,0,0,0,0,,0,0,0,0,0,0,4,1.0,0.0,5,5,2.43,0.6666666666666666,0.2,,,0,0,0,0,0,,1,1,0,,3,17
2026,2021039366,2026-09-03,1750321,泉口 友汰,,35,遊,1,1.0,1,4,4,0,0,0,0,0,0,0,,0,0,0,0,0,0,,,,,,,,,,,,,,,,,,,,,,
2026,2021039366,2026-09-03,1800024,増田 陸,,61,打一,1,1.0,0,1,0,0,0,0,0,0,0,0,,1,0,0,0,0,0,,,,,,,,,,,,,,,,,,,,,,
2026,2021039366,2026-09-03,1800046,勝又 温史,,28,打,3,1.0,0,1,1,0,0,0,0,0,0,0,,0,0,0,0,0,0,,,,,,,,,,,,,,,,,,,,,,
2026,2021039366,2026-09-03,1850035,西舘 勇陽,Nishidate Isamu Hi,17,投,1,1.0,1,1,1,0,0,0,0,0,0,0,,0,1,0,0,0,0,1,1.0,,2,3,2.42,6.0,6.0,,,0,3,0,0,0,,4,10,0,,25,118
2026,2021039366,2026-09-03,1850208,林 琢真,,0,遊三,3,1.0,1,5,3,0,1,0,0,0,0,0,,2,1,0,0,0,0,,,,,,,,,,,,,,,,,,,,,,
2026,2021039366,2026-09-03,1850873,度会 隆輝,,4,左,3,1.0,1,6,6,0,1,0,0,0,0,0,,0,2,0,0,0,0,,,,,,,,,,,,,,,,,,,,,,
2026,2021039366,2026-09-03,1900016,堀田 賢慎,Hotta Ken Makoto,91,投,1,1.0,0,0,0,0,0,0,0,0,0,0,,0,0,0,0,0,0,2,1.0,0.0,1,1,0.56,0.6666666666666666,0.2,,,0,1,0,0,0,,1,0,0,,4,18
2026,2021039366,2026-09-03,1900032,伊勢 大夢,Ise Taimu,13,投,3,1.0,0,0,0,0,0,0,0,0,0,0,,0,0,0,0,0,0,2,1.0,0.0,2,2,2.56,1.0,1.0,,,0,0,0,0,0,,1,0,0,,4,17
2026,2021039366,2026-09-03,1900035,蝦名 達夫,,61,中右,3,1.0,1,5,3,1,1,0,0,0,0,1,,1,1,1,0,0,0,,,,,,,,,,,,,,,,,,,,,,
2026,2021039366,2026-09-03,1951153,浦田 俊輔,,32,二,1,1.0,1,4,3,0,0,0,0,0,0,0,,0,1,0,1,0,0,,,,,,,,,,,,,,,,,,,,,,
2026,2021039366,2026-09-03,2000005,平内 龍太,Heinai Ryuuta,66,投,1,1.0,0,0,0,0,0,0,0,0,0,0,,0,0,0,0,0,0,7,1.0,0.0,0,0,0.00,0.3333333333333333,0.1,,,0,0,0,0,0,,0,1,0,,1,5
2026,2021039366,2026-09-03,2000007,中山 礼都,,40,右,1,1.0,0,1,1,0,0,0,0,0,0,0,,0,0,0,0,0,0,,,,,,,,,,,,,,,,,,,,,,
2026,2021039366,2026-09-03,2000035,牧 秀悟,,2,二,3,1.0,1,5,4,0,0,0,0,0,0,0,,1,1,0,0,0,0,,,,,,,,,,,,,,,,,,,,,,
2026,2021039366,2026-09-03,2000059,岩田 将貴,Iwata Masaki,68,投,3,1.0,0,0,0,0,0,0,0,0,0,0,,0,0,0,0,0,0,5,1.0,0.0,1,0,1.99,0.3333333333333333,0.1,,,1,0,0,0,0,,0,0,0,,1,5
2026,2021039366,2026-09-03,2100014,宮下 朝陽,,34,打遊,3,1.0,0,1,1,0,1,0,0,0,1,0,,0,0,0,0,0,0,,,,,,,,,,,,,,,,,,,,,,
2026,2021039366,2026-09-03,2100531,ティマ,,50,一,1,1.0,1,3,3,0,0,0,0,0,0,0,,0,1,0,0,0,0,,,,,,,,,,,,,,,,,,,,,,
2026,2021039366,2026-09-03,2103689,赤星 優志,Akahoshi Yuushi,31,投,1,1.0,0,0,0,0,0,0,0,0,0,0,,0,0,0,0,0,0,6,1.0,0.0,6,3,2.74,0.6666666666666666,0.2,,,0,3,1,1,0,,1,0,0,,6,26
2026,2021039366,2026-09-03,2103949,古市 尊,,60,捕,3,1.0,1,3,2,0,1,0,0,0,0,0,,1,1,0,0,0,0,,,,,,,,,,,,,,,,,,,,,,
2026,2021039366,2026-09-03,2105013,萩尾 匡也,,12,左,1,1.0,1,2,2,0,0,0,0,0,0,0,,0,0,0,0,0,0,,,,,,,,,,,,,,,,,,,,,,
2026,2021039366,2026-09-03,2106178,佐々木 俊輔,,44,右中,1,1.0,1,4,4,0,0,0,0,0,0,0,,0,2,0,0,0,0,,,,,,,,,,,,,,,,,,,,,,
2026,2021039366,2026-09-03,2108195,エンカーナシオン,,69,右,3,1.0,1,5,5,0,0,0,0,0,0,0,,0,3,0,0,0,0,,,,,,,,,,,,,,,,,,,,,,
2026,2021039366,2026-09-03,2116069,石塚 裕惺,,23,打,1,1.0,0,1,1,1,1,0,0,0,0,0,,0,0,0,0,0,0,,,,,,,,,,,,,,,,,,,,,,
2026,2021039366,2026-09-03,2117433,レイノルズ,Reynolds,62,投,3,1.0,0,0,0,0,0,0,0,0,0,0,,0,0,0,0,0,0,3,1.0,0.0,4,1,1.38,1.0,1.0,,,12,0,0,0,0,,0,0,0,,3,6
2026,2021039373,2026-09-06,1000132,山田 哲人,,1,打,2,1.0,0,1,0,0,0,0,0,0,0,0,,1,0,0,0,0,0,,,,,,,,,,,,,,,,,,,,,,
2026,2021039373,2026-09-06,1100069,高橋 周平,,3,打,4,1.0,0,1,1,0,0,0,0,0,0,0,,0,0,0,0,0,0,,,,,,,,,,,,,,,,,,,,,,
2026,2021039373,2026-09-06,1300045,高梨 裕稔,Takanashi Hiroshi Minoru,40,投,2,1.0,1,1,1,0,1,0,0,0,0,0,,0,0,0,0,0,0,1,1.0,,5,2,2.66,5.0,5.0,,,0,5,1,1,1,,1,4,1,,22,93
2026,2021039373,2026-09-06,1400199,齋藤 綱記,Saitou Tsunaki,59,投,4,1.0,0,0,0,0,0,0,0,0,0,0,,0,0,0,0,0,0,5,1.0,0.0,4,3,3.38,1.0,1.0,,,0,1,0,0,0,,1,1,0,,5,23
2026,2021039373,2026-09-06,1561854,サノー,,23,一,4,1.0,1,5,5,0,0,0,0,0,0,0,,0,1,0,0,0,0,,,,,,,,,,,,,,,,,,,,,,
2026,2021039373,2026-09-06,1600078,古賀 優大,,2,捕,2,1.0,1,5,3,0,1,0,0,0,0,0,,1,1,1,0,0,0,,,,,,,,,,,,,,,,,,,,,,
2026,2021039373,2026-09-06,1600085,細川 成也,,55,左,4,1.0,1,5,3,0,0,0,0,0,0,0,,1,0,1,0,0,0,,,,,,,,,,,,,,,,,,,,,,
2026,2021039373,2026-09-06,1700060,阪口 皓亮,Sakaguchi Akira Ryou,66,投,2,1.0,0,0,0,0,0,0,0,0,0,0,,0,0,0,0,0,0,4,1.0,0.0,0,0,2.10,0.6666666666666666,0.2,,,0,0,0,0,0,,0,0,0,,2,11
2026,2021039373,2026-09-06,1700089,宮本 丈,,10,打,2,1.0,0,1,1,0,0,0,0,0,0,0,,0,0,0,0,0,0,,,,,,,,,,,,,,,,,,,,,,
2026,2021039373,2026-09-06,1700131,増田 珠,,63,右,2,1.0,1,4,4,0,4,0,0,0,0,0,,0,0,0,0,0,0,,,,,,,,,,,,,,,,,,,,,,
2026,2021039373,2026-09-06,1750223,村松 開人,,5,遊,4,1.0,1,5,4,0,3,0,0,0,0,0,,1,0,0,0,0,0,,,,,,,,,,,,,,,,,,,,,,
2026,2021039373,2026-09-06,1750701,田中 幹也,,2,走,4,1.0,0,0,0,0,0,0,0,0,0,0,,0,0,0,0,0,0,,,,,,,,,,,,,,,,,,,,,,
2026,2021039373,2026-09-06,1800033,清水 昇,Shimizu Noboru,17,投,2,1.0,0,0,0,0,0,0,0,0,0,0,,0,0,0,0,0,0,6,1.0,0.0,2,2,2.04,1.0,1.0,,,4,0,0,0,0,,0,0,0,,3,9
2026,2021039373,2026-09-06,1900028,長岡 秀樹,,7,遊,2,1.0,1,6,6,0,0,0,0,0,0,0,,0,1,0,0,0,0,,,,,,,,,,,,,,,,,,,,,,
2026,2021039373,2026-09-06,1900029,武岡 龍世,,60,三,2,1.0,1,5,5,0,1,0,0,0,0,0,,0,2,0,0,0,0,,,,,,,,,,,,,,,,,,,,,,
2026,2021039373,2026-09-06,1900037,石川 昂弥,,25,三,4,1.0,1,5,5,0,0,0,0,0,0,0,,0,1,0,0,0,0,,,,,,,,,,,,,,,,,,,,,,
2026,2021039373,2026-09-06,1900041,岡林 勇希,,1,中,4,1.0,1,4,4,0,0,0,0,0,0,0,,0,1,0,0,0,0,,,,,,,,,,,,,,,,,,,,,,
2026,2021039373,2026-09-06,1961300,ボスラー,,24,打,4,1.0,0,1,0,0,0,0,0,0,0,0,,1,0,0,0,0,0,,,,,,,,,,,,,,,,,,,,,,
2026,2021039373,2026-09-06,2000026,内山 壮真,,3,二,2,1.0,1,5,4,0,0,0,0,0,0,0,,1,2,0,0,0,0,,,,,,,,,,,,,,,,,,,,,,
2026,2021039373,2026-09-06,2000028,並木 秀尊,,0,走左,2,1.0,0,2,2,0,0,0,0,0,0,1,,0,1,0,0,0,1,,,,,,,,,,,,,,,,,,,,,,
2026,2021039373,2026-09-06,2000031,赤羽 由紘,,0,一,2,1.0,0,2,1,0,1,0,0,0,0,0,,1,0,0,0,0,0,,,,,,,,,,,,,,,,,,,,,,
2026,2021039373,2026-09-06,2000033,丸山 翔大,Maruyama Shoudai,68,投,2,1.0,0,0,0,0,0,0,0,0,0,0,,0,0,0,0,0,0,2,1.0,0.0,0,2,3.41,1.0,1.0,,,0,0,0,0,0,,0,1,0,,3,16
2026,2021039373,2026-09-06,2000042,高橋 宏斗,Takahashi Hiroshi To,19,投,4,1.0,1,2,1,0,0,0,0,0,0,0,,0,0,0,1,0,0,1,1.0,,3,7,3.13,6.0,6.0,,,0,6,1,1,1,,3,4,1,,28,125
2026,2021039373,2026-09-06,2000043,森 博人,Mori Hiroto,62,投,4,1.0,0,0,0,0,0,0,0,0,0,0,,0,0,0,0,0,0,2,1.0,0.0,0,0,0.00,1.0,1.0,,,0,1,0,0,0,,1,1,0,,5,20
2026,2021039373,2026-09-06,2000133,オスナ,,13,一,2,1.0,1,4,4,0,0,0,0,0,0,0,,0,2,0,0,0,0,,,,,,,,,,,,,,,,,,,,,,
2026,2021039373,2026-09-06,2000135,サンタナ,,25,打,2,1.0,0,1,0,0,0,0,0,0,0,0,,1,0,0,0,0,0,,,,,,,,,,,,,,,,,,,,,,
2026,2021039373,2026-09-06,2100275,花田 旭,,57,右,4,1.0,1,4,4,0,1,0,0,0,0,0,,0,1,0,0,0,0,,,,,,,,,,,,,,,,,,,,,,
2026,2021039373,2026-09-06,2102997,西村 瑠伊斗,,36,左右,2,1.0,1,6,3,1,1,0,0,1,1,0,,3,0,0,0,0,0,,,,,,,,,,,,,,,,,,,,,,
2026,2021039373,2026-09-06,2103780,福永 裕基,,7,二,4,1.0,1,5,4,1,1,0,0,1,1,0,,1,1,0,0,0,0,,,,,,,,,,,,,,,,,,,,,,
2026,2021039373,2026-09-06,2103917,岩田 幸宏,,64,中,2,1.0,1,5,3,0,0,0,0,0,0,0,,1,0,0,1,0,0,,,,,,,,,,,,,,,,,,,,,,
2026,2021039373,2026-09-06,2103947,樋口 正修,,97,走,4,1.0,0,0,0,0,0,0,0,0,0,0,,0,0,0,0,0,0,,,,,,,,,,,,,,,,,,,,,,
2026,2021039373,2026-09-06,2105102,石伊 雄太,,9,捕,4,1.0,1,4,4,0,1,0,0,0,0,0,,0,2,0,0,0,1,,,,,,,,,,,,,,,,,,,,,,
2026,2021039373,2026-09-06,2105295,吉田 聖弥,Yoshida Kiyoshi Wataru,47,投,4,1.0,0,0,0,0,0,0,0,0,0,0,,0,0,0,0,0,0,3,1.0,0.0,1,3,2.38,1.0,1.0,,,0,1,0,0,0,,1,1,0,,5,26
2026,2021039373,2026-09-06,2105626,廣澤 優,Hirosawa Yuu,70,投,2,1.0,0,0,0,0,0,0,0,0,0,0,,0,0,0,0,0,0,3,1.0,0.0,3,1,2.41,0.3333333333333333,0.1,,,0,0,0,0,0,,3,0,0,,4,18
2026,2021039373,2026-09-06,2107178,モンテル,,90,走中,2,1.0,0,0,0,0,0,0,0,0,0,1,,0,0,0,0,0,0,,,,,,,,,,,,,,,,,,,,,,
2026,2021039373,2026-09-06,2107869,松山 晋也,Matsuyama Shin'Ya,90,投,4,1.0,0,0,0,0,0,0,0,0,0,0,,0,0,0,0,0,0,4,1.0,0.0,1,3,1.69,1.0,1.0,,,26,0,0,0,0,,3,2,0,,5,24
2026,2021039373,2026-09-06,2108291,ウォルターズ,Orutaazu,58,投,2,1.0,0,0,0,0,0,0,0,0,0,0,,0,0,0,0,0,0,5,1.0,0.0,1,4,5.09,2.0,2.0,,,1,1,0,0,0,,0,2,0,,7,32
2026,2021039376,2026-09-06,1400140,小野 郁,Ono Kaoru,37,,9,,,,,,,,,,,,,,,,,,,4,1.0,0.0,2,2,2.19,1.0,1.0,,,0,0,0,0,0,,0,0,0,,3,8
2026,2021039376,2026-09-06,1400196,宗 佑磨,,6,三,11,1.0,1,4,3,1,0,0,0,0,0,0,,1,1,0,0,0,0,,,,,,,,,,,,,,,,,,,,,,
2026,2021039376,2026-09-06,1450608,八木 彬,Yagi Akira,33,,9,,,,,,,,,,,,,,,,,,,2,1.0,0.0,9,0,1.56,1.0,1.0,,,0,0,0,0,0,,0,0,0,,3,8
2026,2021039376,2026-09-06,1500096,西川 龍馬,,7,指,11,1.0,1,4,4,1,1,0,0,0,0,0,,0,0,0,0,0,0,,,,,,,,,,,,,,,,,,,,,,
2026,2021039376,2026-09-06,1600155,山崎 颯一郎,Yamazaki Sai Ichirou,21,,11,,,,,,,,,,,,,,,,,,,4,1.0,0.0,4,4,2.30,1.0,1.0,,,0,0,0,0,0,,0,1,0,,3,12
2026,2021039376,2026-09-06,1650221,椋木 蓮,Mukunoki Ren,15,,11,,,,,,,,,,,,,,,,,,,3,1.0,0.0,2,4,1.96,1.0,1.0,,,1,0,0,0,0,,0,2,0,,3,14
2026,2021039376,2026-09-06,1700020,ソト,,99,打指,9,1.0,0,2,2,0,0,0,0,0,0,0,,0,1,0,0,0,0,,,,,,,,,,,,,,,,,,,,,,
2026,2021039376,2026-09-06,1700034,山崎 剛,,38,遊,9,1.0,1,3,3,0,0,0,0,0,0,0,,0,1,0,0,0,0,,,,,,,,,,,,,,,,,,,,,,
2026,2021039376,2026-09-06,1700092,安田 尚憲,,5,指,9,1.0,1,2,2,0,0,0,0,0,0,0,,0,1,0,0,0,0,,,,,,,,,,,,,,,,,,,,,,
2026,2021039376,2026-09-06,1750543,高島 泰都,Takashima Yasushi To,96,,11,,,,,,,,,,,,,,,,,,,1,1.0,,6,4,4.05,5.0,5.0,,,0,4,1,1,0,,3,3,0,,21,89
2026,2021039376,2026-09-06,1750667,山中 稜真,,50,一,11,1.0,1,3,3,0,0,0,0,0,0,0,,0,0,0,0,0,0,,,,,,,,,,,,,,,,,,,,,,
2026,2021039376,2026-09-06,1800050,藤原 恭大,,1,中,9,1.0,1,4,3,0,0,0,0,0,0,0,,1,1,0,0,0,0,,,,,,,,,,,,,,,,,,,,,,
2026,2021039376,2026-09-06,1800053,山口 航輝,,51,左,9,1.0,1,4,4,0,0,0,0,0,0,0,,0,2,0,0,0,0,,,,,,,,,,,,,,,,,,,,,,
2026,2021039376,2026-09-06,1800098,太田 椋,,1,二,11,1.0,1,4,3,0,2,0,0,0,0,0,,1,0,0,0,0,0,,,,,,,,,,,,,,,,,,,,,,
2026,2021039376,2026-09-06,1800101,富山 凌雅,Toyama Ryou Tadashi,28,,11,,,,,,,,,,,,,,,,,,,2,1.0,0.0,0,1,2.79,1.0,1.0,,,0,0,0,0,0,,2,1,0,,5,24
2026,2021039376,2026-09-06,1800104,中川 圭太,,67,左,11,1.0,1,4,3,1,1,0,0,0,0,1,,1,0,0,0,0,0,,,,,,,,,,,,,,,,,,,,,,
2026,2021039376,2026-09-06,1850947,上田 希由翔,,10,一,9,1.0,1,4,3,0,1,0,0,0,1,0,,1,0,0,0,0,0,,,,,,,,,,,,,,,,,,,,,,
2026,2021039376,2026-09-06,1900081,佐藤 都志也,,32,捕,9,1.0,1,4,4,0,0,0,0,0,0,0,,0,1,0,0,0,0,,,,,,,,,,,,,,,,,,,,,,
2026,2021039376,2026-09-06,1900088,紅林 弘太郎,,24,遊,11,1.0,1,4,4,0,1,0,0,0,1,0,,0,2,0,0,0,0,,,,,,,,,,,,,,,,,,,,,,
2026,2021039376,2026-09-06,1950286,西川 史礁,,6,右,9,1.0,1,4,4,0,1,0,0,0,0,0,,0,0,0,0,0,0,,,,,,,,,,,,,,,,,,,,,,
2026,2021039376,2026-09-06,1961416,マチャド,Machado,42,,11,,,,,,,,,,,,,,,,,,,5,1.0,0.0,2,1,1.22,1.0,1.0,,,29,0,0,0,0,,0,0,0,,3,5
2026,2021039376,2026-09-06,2000088,中森 俊介,Nakamori Shunsuke,56,,9,,,,,,,,,,,,,,,,,,,3,1.0,0.0,4,1,1.67,1.0,1.0,,,1,0,0,0,0,,1,1,0,,4,20
2026,2021039376,2026-09-06,2000089,小川 龍成,,57,二,9,1.0,1,4,3,1,1,1,0,0,0,1,,1,0,0,0,0,0,,,,,,,,,,,,,,,,,,,,,,
2026,2021039376,2026-09-06,2000098,来田 涼斗,,38,右左,11,1.0,1,4,4,0,2,1,0,0,0,0,,0,1,0,0,0,0,,,,,,,,,,,,,,,,,,,,,,
2026,2021039376,2026-09-06,2102926,寺地 隆成,,65,三,9,1.0,1,4,2,0,1,0,0,0,0,0,,2,0,0,0,0,0,,,,,,,,,,,,,,,,,,,,,,
2026,2021039376,2026-09-06,2103747,渡部 遼人,,0,中,11,1.0,1,4,3,0,0,0,0,0,0,0,,0,0,0,1,0,0,,,,,,,,,,,,,,,,,,,,,,
2026,2021039376,2026-09-06,2103904,ジャクソン,Jackson,42,,9,,,,,,,,,,,,,,,,,,,1,1.0,,9,8,3.43,5.0,5.0,,,0,8,3,2,0,,2,3,0,,24,98
2026,2021039376,2026-09-06,2109674,堀 柊那,,62,捕,11,1.0,1,3,3,0,1,0,0,0,1,0,,0,0,0,0,0,0,,,,,,,,,,,,,,,,,,,,,,
2026,2021039376,2026-09-06,2110153,麦谷 祐介,,8,右,11,1.0,0,0,0,0,0,0,0,0,0,0,,0,0,0,0,0,0,,,,,,,,,,,,,,,,,,,,,,
2026,2021039361,2026-09-02,1000132,山田 哲人,,1,一,2,1.0,1,3,3,0,1,0,0,0,0,0,,0,0,0,0,0,0,,,,,,,,,,,,,,,,,,,,,,
2026,2021039361,2026-09-02,1200100,伏見 寅威,,17,捕,5,1.0,1,4,4,0,0,0,0,0,0,0,,0,1,0,0,0,0,,,,,,,,,,,,,,,,,,,,,,
2026,2021039361,2026-09-02,1500087,坂本 誠志郎,,12,打捕,5,1.0,0,1,1,0,0,0,0,0,0,0,,0,0,0,0,0,0,,,,,,,,,,,,,,,,,,,,,,
2026,2021039361,2026-09-02,1600078,古賀 優大,,2,捕,2,1.0,1,4,3,0,1,0,0,0,0,0,,0,0,0,1,0,0,,,,,,,,,,,,,,,,,,,,,,
2026,2021039361,2026-09-02,1600113,大山 悠輔,,3,一,5,1.0,1,4,4,1,3,0,0,0,0,0,,0,0,0,0,0,0,,,,,,,,,,,,,,,,,,,,,,
2026,2021039361,2026-09-02,1700078,高橋 遥人,Takahashi Harukanin,29,投,5,1.0,1,3,3,1,2,0,0,0,1,0,,0,0,0,0,0,0,1,1.0,,13,2,1.90,6.333333333333333,6.1,,,0,6,2,2,0,,3,5,0,,29,109
2026,2021039361,2026-09-02,1700079,熊谷 敬宥,,4,走遊,5,1.0,0,0,0,0,0,0,0,0,0,0,,0,0,0,0,0,0,,,,,,,,,,,,,,,,,,,,,,
2026,2021039361,2026-09-02,1700131,増田 珠,,63,右,2,1.0,1,4,4,0,1,0,0,0,0,0,,0,0,0,0,0,0,,,,,,,,,,,,,,,,,,,,,,
2026,2021039361,2026-09-02,1800065,近本 光司,,5,中,5,1.0,1,5,4,1,2,1,0,1,3,0,,1,0,0,0,0,0,,,,,,,,,,,,,,,,,,,,,,
2026,2021039361,2026-09-02,1850183,森下 翔太,,1,右,5,1.0,1,5,4,1,2,1,0,0,0,0,,1,0,0,0,0,0,,,,,,,,,,,,,,,,,,,,,,
2026,2021039361,2026-09-02,1900028,長岡 秀樹,,7,遊,2,1.0,1,5,5,0,0,0,0,0,1,0,,0,1,0,0,0,0,,,,,,,,,,,,,,,,,,,,,,
2026,2021039361,2026-09-02,1900029,武岡 龍世,,60,三,2,1.0,0,1,1,0,0,0,0,0,0,0,,0,1,0,0,0,0,,,,,,,,,,,,,,,,,,,,,,
2026,2021039361,2026-09-02,1900046,及川 雅貴,Oikawa Masataka,37,投,5,1.0,0,0,0,0,0,0,0,0,0,0,,0,0,0,0,0,0,3,1.0,0.0,2,1,3.44,1.0,1.0,,,0,0,0,0,0,,0,1,0,,3,12
2026,2021039361,2026-09-02,1961046,キハダ,Kihada,11,投,2,1.0,0,0,0,0,0,0,0,0,0,0,,0,0,0,0,0,0,2,1.0,0.0,2,7,3.86,1.0,1.0,,,21,1,0,0,0,,1,0,0,,5,19
2026,2021039361,2026-09-02,2000026,内山 壮真,,3,二,2,1.0,1,4,2,1,1,0,0,0,0,0,,2,0,0,0,0,0,,,,,,,,,,,,,,,,,,,,,,
2026,2021039361,2026-09-02,2000027,元山 飛優,,0,遊,5,1.0,1,4,3,1,1,0,0,0,0,0,,1,1,0,0,0,1,,,,,,,,,,,,,,,,,,,,,,
2026,2021039361,2026-09-02,2000031,赤羽 由紘,,0,三一,2,1.0,1,4,3,0,1,0,0,0,1,0,,1,1,0,0,0,0,,,,,,,,,,,,,,,,,,,,,,
2026,2021039361,2026-09-02,2000051,佐藤 輝明,,8,三,5,1.0,1,5,5,1,1,0,0,1,2,0,,0,1,0,0,0,0,,,,,,,,,,,,,,,,,,,,,,
2026,2021039361,2026-09-02,2000056,中野 拓夢,,7,二,5,1.0,1,5,5,0,1,0,0,0,0,0,,0,0,0,0,0,0,,,,,,,,,,,,,,,,,,,,,,
2026,2021039361,2026-09-02,2000057,高寺 望夢,,67,左,5,1.0,1,4,2,0,0,0,0,0,0,0,,1,0,0,1,0,0,,,,,,,,,,,,,,,,,,,,,,
2026,2021039361,2026-09-02,2000135,サンタナ,,25,左,2,1.0,1,4,4,0,0,0,0,0,0,0,,0,1,0,0,0,0,,,,,,,,,,,,,,,,,,,,,,
2026,2021039361,2026-09-02,2102997,西村 瑠伊斗,,36,打,2,1.0,0,1,1,0,0,0,0,0,0,0,,0,1,0,0,0,0,,,,,,,,,,,,,,,,,,,,,,
2026,2021039361,2026-09-02,2103794,吉村 貢司郎,Yoshimura Kouji Rou,21,投,2,1.0,1,2,2,0,0,0,0,0,0,0,,0,2,0,0,0,0,1,1.0,,4,10,4.61,7.0,7.0,,,0,10,6,6,2,,2,3,0,,31,130
2026,2021039361,2026-09-02,2103848,岡留 英貴,Okadome Hideki,64,投,5,1.0,0,0,0,0,0,0,0,0,0,0,,0,0,0,0,0,0,2,1.0,0.0,0,0,0.00,0.6666666666666666,0.2,,,0,0,0,0,0,,0,0,0,,1,2
2026,2021039361,2026-09-02,2103917,岩田 幸宏,,64,中,2,1.0,1,4,4,1,2,0,0,0,0,0,,0,0,0,0,0,0,,,,,,,,,,,,,,,,,,,,,,
2026,2021039361,2026-09-02,2109495,鈴木 叶,,65,捕,2,1.0,0,0,0,0,0,0,0,0,0,0,,0,0,0,0,0,0,,,,,,,,,,,,,,,,,,,,,,
2026,2021039361,2026-09-02,2112175,伊藤 琉偉,,67,打,2,1.0,0,1,1,0,0,0,0,0,0,0,,0,0,0,0,0,0,,,,,,,,,,,,,,,,,,,,,,
2026,2021039361,2026-09-02,2112444,木下 里都,Kinoshita Sato To,54,投,5,1.0,0,0,0,0,0,0,0,0,0,0,,0,0,0,0,0,0,4,1.0,0.0,4,1,1.64,1.0,1.0,,,0,1,0,0,0,,0,1,0,,4,15
2026,2021039361,2026-09-02,2122334,リランソ,Riran Soviet,62,投,2,1.0,0,0,0,0,0,0,0,0,0,0,,0,0,0,0,0,0,3,1.0,0.0,2,3,1.52,1.0,1.0,,,0,1,0,0,0,,1,0,0,,4,20
2026,2021039363,2026-09-02,1000128,柳田 悠岐,,9,指,12,1.0,1,4,4,0,1,0,0,0,1,0,,0,0,0,0,0,0,,,,,,,,,,,,,,,,,,,,,,
2026,2021039363,2026-09-02,1100097,近藤 健介,,3,左,12,1.0,1,4,2,0,0,0,0,0,0,0,,2,0,0,0,0,0,,,,,,,,,,,,,,,,,,,,,,
2026,2021039363,2026-09-02,1400127,栗原 陵矢,,24,三,12,1.0,1,4,3,0,0,0,0,0,0,0,,1,1,0,0,0,1,,,,,,,,,,,,,,,,,,,,,,
2026,2021039363,2026-09-02,1400195,山崎 福也,Yamazaki Fuku na,18,,8,,,,,,,,,,,,,,,,,,,1,1.0,,5,0,2.29,7.0,7.0,,,0,3,1,1,0,,3,0,0,,25,90
2026,2021039363,2026-09-02,1500143,川瀬 晃,,0,遊,12,1.0,1,4,4,0,0,0,0,0,0,0,,0,1,0,0,0,0,,,,,,,,,,,,,,,,,,,,,,
2026,2021039363,2026-09-02,1600133,堀 瑞輝,Hori Mizu Akira,34,,8,,,,,,,,,,,,,,,,,,,2,1.0,0.0,4,1,3.16,1.0,1.0,,,1,1,0,0,0,,0,1,0,,4,17
2026,2021039363,2026-09-02,1700011,モイネロ,Moi Nero,35,,12,,,,,,,,,,,,,,,,,,,1,1.0,,3,1,0.62,8.0,8.0,,,0,3,2,1,1,,1,1,0,,29,111
2026,2021039363,2026-09-02,1700025,清宮 幸太郎,,21,一,8,1.0,1,3,3,0,0,0,0,0,0,0,,0,0,0,0,0,0,,,,,,,,,,,,,,,,,,,,,,
2026,2021039363,2026-09-02,1700135,周東 佑京,,23,中,12,1.0,1,4,3,0,0,0,0,0,0,0,,1,0,0,0,0,0,,,,,,,,,,,,,,,,,,,,,,
2026,2021039363,2026-09-02,1800091,野村 佑希,,5,三,8,1.0,1,3,3,0,0,0,0,0,0,0,,0,0,0,0,0,0,,,,,,,,,,,,,,,,,,,,,,
2026,2021039363,2026-09-02,1850932,奈良間 大己,,58,走二,8,1.0,0,0,0,1,0,0,0,0,0,0,,0,0,0,0,0,0,,,,,,,,,,,,,,,,,,,,,,
2026,2021039363,2026-09-02,1851204,水野 達稀,,43,遊,8,1.0,1,3,2,0,0,0,0,0,0,0,,0,0,0,1,0,1,,,,,,,,,,,,,,,,,,,,,,
2026,2021039363,2026-09-02,1860140,レイエス,,99,指,8,1.0,1,3,2,0,0,0,0,0,0,0,,1,0,0,0,0,0,,,,,,,,,,,,,,,,,,,,,,
2026,2021039363,2026-09-02,1900040,郡司 裕也,,3,捕,8,1.0,1,3,3,0,1,0,0,0,0,0,,0,1,0,0,0,0,,,,,,,,,,,,,,,,,,,,,,
2026,2021039363,2026-09-02,1900101,海野 隆司,,62,捕,12,1.0,1,3,2,0,0,0,0,0,0,0,,0,0,0,1,0,0,,,,,,,,,,,,,,,,,,,,,,
2026,2021039363,2026-09-02,1900104,柳町 達,,32,右,12,1.0,1,3,3,0,1,0,0,0,0,0,,0,0,0,0,0,0,,,,,,,,,,,,,,,,,,,,,,
2026,2021039363,2026-09-02,1950149,庄子 雄大,,25,二,12,1.0,1,3,3,0,0,0,0,0,0,0,,0,1,0,0,0,0,,,,,,,,,,,,,,,,,,,,,,
2026,2021039363,2026-09-02,1950486,進藤 勇也,,33,捕,8,1.0,0,0,0,0,0,0,0,0,0,0,,0,0,0,0,0,0,,,,,,,,,,,,,,,,,,,,,,
2026,2021039363,2026-09-02,2000080,五十幡 亮汰,,50,中,8,1.0,1,3,3,0,0,0,0,0,0,0,,0,0,0,0,0,0,,,,,,,,,,,,,,,,,,,,,,
2026,2021039363,2026-09-02,2000082,細川 凌平,,56,右,8,1.0,0,0,0,0,0,0,0,0,0,0,,0,0,0,0,0,0,,,,,,,,,,,,,,,,,,,,,,
2026,2021039363,2026-09-02,2000084,今川 優馬,,61,左,8,1.0,1,3,3,1,1,0,0,1,1,0,,0,0,0,0,0,0,,,,,,,,,,,,,,,,,,,,,,
2026,2021039363,2026-09-02,2000117,緒方 理貢,,57,走,12,1.0,0,0,0,0,0,0,0,0,0,1,,0,0,0,0,0,0,,,,,,,,,,,,,,,,,,,,,,
2026,2021039363,2026-09-02,2103635,柳川 大晟,Yanagawadai Akira,47,,8,,,,,,,,,,,,,,,,,,,3,1.0,0.0,4,0,1.67,1.0,1.0,,,23,0,0,0,0,,1,2,0,,4,20
2026,2021039363,2026-09-02,2103735,正木 智也,,31,一,12,1.0,1,4,4,1,2,0,0,0,0,0,,0,0,0,0,0,0,,,,,,,,,,,,,,,,,,,,,,
2026,2021039363,2026-09-02,2107900,吉田 賢吾,,60,右,8,1.0,1,3,3,0,0,0,0,0,0,0,,0,0,0,0,0,0,,,,,,,,,,,,,,,,,,,,,,
2026,2021039363,2026-09-02,2108090,カストロ,,6,右左,8,1.0,0,1,1,0,1,0,0,0,1,0,,0,0,0,0,0,0,,,,,,,,,,,,,,,,,,,,,,
2026,2021039363,2026-09-02,2114529,山縣 秀,,54,二三,8,1.0,1,4,4,0,0,0,0,0,0,0,,0,0,0,0,0,0,,,,,,,,,,,,,,,,,,,,,,
2026,2021039386,2026-09-06,1100082,菊池 涼介,,33,二,6,1.0,1,4,3,0,2,0,0,0,0,0,,1,0,0,0,0,0,,,,,,,,,,,,,,,,,,,,,,
2026,2021039386,2026-09-06,1100095,松本 剛,,9,左,1,1.0,1,4,4,0,1,0,0,0,0,0,,0,1,0,0,0,0,,,,,,,,,,,,,,,,,,,,,,
2026,2021039386,2026-09-06,1300057,大瀬良 大地,Oose Ryou Daichi,14,投,6,1.0,0,0,0,0,0,0,0,0,0,0,,0,0,0,0,0,0,2,1.0,0.0,0,2,7.36,0.6666666666666666,0.2,,,0,0,0,0,0,,0,0,0,,2,7
2026,2021039386,2026-09-06,1400175,塹江 敦哉,Zan Kou Atsuya,36,投,6,1.0,0,0,0,0,0,0,0,0,0,0,,0,0,0,0,0,0,3,1.0,0.0,1,2,2.70,2.0,2.0,,,0,0,0,0,0,,1,2,0,,6,27
2026,2021039386,2026-09-06,1500074,小笠原 慎之介,Ogasawara Shinnosuke,98,投,1,1.0,1,4,3,0,1,0,0,0,0,0,,0,2,0,1,0,0,1,1.0,,4,3,1.90,9.0,9.0,,,0,4,0,0,0,,3,4,0,,34,123
2026,2021039386,2026-09-06,1600124,坂倉 将吾,,31,三,6,1.0,1,4,4,0,0,0,0,0,0,0,,0,0,0,0,0,1,,,,,,,,,,,,,,,,,,,,,,
2026,2021039386,2026-09-06,1650818,鈴木 大和,,59,中,1,1.0,1,4,4,0,0,0,0,0,0,0,,0,1,0,0,0,0,,,,,,,,,,,,,,,,,,,,,,
2026,2021039386,2026-09-06,1700044,大城 卓三,,24,捕,1,1.0,1,4,3,0,0,0,0,0,0,0,,1,1,0,0,0,0,,,,,,,,,,,,,,,,,,,,,,
2026,2021039386,2026-09-06,1700068,中村 奨成,,96,中,6,1.0,1,4,4,0,0,0,0,0,0,0,,0,1,0,0,0,0,,,,,,,,,,,,,,,,,,,,,,
2026,2021039386,2026-09-06,1750321,泉口 友汰,,35,遊,1,1.0,1,4,4,1,2,0,0,1,3,0,,0,0,0,0,0,0,,,,,,,,,,,,,,,,,,,,,,
2026,2021039386,2026-09-06,1800024,増田 陸,,61,一,1,1.0,1,4,4,0,0,0,0,0,0,0,,0,2,0,0,0,0,,,,,,,,,,,,,,,,,,,,,,
2026,2021039386,2026-09-06,1900058,持丸 泰輝,,57,捕,6,1.0,1,4,3,0,0,0,0,0,0,0,,1,0,0,0,0,0,,,,,,,,,,,,,,,,,,,,,,
2026,2021039386,2026-09-06,1951153,浦田 俊輔,,32,二,1,1.0,1,5,2,1,0,0,0,0,0,0,,3,0,0,0,0,0,,,,,,,,,,,,,,,,,,,,,,
2026,2021039386,2026-09-06,1961927,モンテロ,,95,打,6,1.0,0,1,1,0,0,0,0,0,0,0,,0,0,0,0,0,0,,,,,,,,,,,,,,,,,,,,,,
2026,2021039386,2026-09-06,2050203,佐々木 泰,,10,右,6,1.0,1,4,4,0,1,0,0,0,0,0,,0,1,0,0,0,0,,,,,,,,,,,,,,,,,,,,,,
2026,2021039386,2026-09-06,2103788,森 翔平,Mori Shouhei,16,投,6,1.0,1,2,1,0,0,0,0,0,0,0,,0,0,0,1,0,0,1,1.0,,2,4,3.22,6.333333333333333,6.1,,,0,7,4,4,1,,4,7,0,,29,111
2026,2021039386,2026-09-06,2106178,佐々木 俊輔,,44,右,1,1.0,1,4,3,1,1,0,0,0,1,0,,1,1,0,0,0,0,,,,,,,,,,,,,,,,,,,,,,
2026,2021039386,2026-09-06,2110422,勝田 成,,0,遊,6,1.0,1,3,2,0,0,0,0,0,0,0,,1,0,0,0,0,0,,,,,,,,,,,,,,,,,,,,,,
2026,2021039386,2026-09-06,2112143,佐藤 啓介,,94,一,6,1.0,1,4,4,0,1,0,0,0,0,0,,0,1,0,0,0,0,,,,,,,,,,,,,,,,,,,,,,
2026,2021039386,2026-09-06,2114882,ファビアン,,61,左,6,1.0,1,4,4,0,0,0,0,0,0,0,,0,1,0,0,0,0,,,,,,,,,,,,,,,,,,,,,,
2026,2021039386,2026-09-06,2116069,石塚 裕惺,,23,三,1,1.0,1,4,4,1,2,0,0,0,0,0,,0,1,0,0,0,0,,,,,,,,,,,,,,,,,,,,,,
2026,2021039378,2026-09-04,1000132,山田 哲人,,1,打,2,1.0,0,1,1,0,0,0,0,0,0,0,,0,1,0,0,0,0,,,,,,,,,,,,,,,,,,,,,,
2026,2021039378,2026-09-04,1300079,上林 誠知,,51,右,4,1.0,0,0,0,0,0,0,0,0,0,0,,0,0,0,0,0,0,,,,,,,,,,,,,,,,,,,,,,
2026,2021039378,2026-09-04,1300094,杉浦 稔大,Sugiura Minorudai,33,投,4,1.0,0,0,0,0,0,0,0,0,0,0,,0,0,0,0,0,0,3,1.0,0.0,1,2,5.40,1.0,1.0,,,0,1,0,0,0,,0,1,0,,4,17
2026,2021039378,2026-09-04,1400160,加藤 匠馬,,49,捕,4,1.0,1,4,3,1,1,1,0,0,0,0,,0,1,0,1,0,0,,,,,,,,,,,,,,,,,,,,,,
2026,2021039378,2026-09-04,1500042,高橋 奎二,Takahashi Kei Ni,47,投,2,1.0,1,1,1,0,0,0,0,0,0,0,,0,0,0,0,0,1,1,1.0,,4,6,4.42,6.0,6.0,,,0,7,4,4,3,,0,4,1,,26,83
2026,2021039378,2026-09-04,1561854,サノー,,23,一,4,1.0,1,5,4,1,1,0,0,1,3,0,,0,1,0,0,1,0,,,,,,,,,,,,,,,,,,,,,,
2026,2021039378,2026-09-04,1600085,細川 成也,,55,左,4,1.0,1,5,5,2,2,0,0,0,1,0,,0,1,0,0,0,0,,,,,,,,,,,,,,,,,,,,,,
2026,2021039378,2026-09-04,1700060,阪口 皓亮,Sakaguchi Akira Ryou,66,投,2,1.0,0,0,0,0,0,0,0,0,0,0,,0,0,0,0,0,0,3,1.0,0.0,0,0,2.42,0.3333333333333333,0.1,,,0,2,1,1,0,,0,0,0,,3,10
2026,2021039378,2026-09-04,1700090,松本 直樹,,32,捕,2,1.0,1,4,4,0,0,0,0,0,0,0,,0,3,0,0,0,0,,,,,,,,,,,,,,,,,,,,,,
2026,2021039378,2026-09-04,1700131,増田 珠,,63,右,2,1.0,1,4,3,1,0,0,0,0,0,0,,1,0,0,0,0,0,,,,,,,,,,,,,,,,,,,,,,
2026,2021039378,2026-09-04,1750223,村松 開人,,5,遊,4,1.0,1,5,4,1,1,0,0,0,0,0,,1,1,0,0,0,0,,,,,,,,,,,,,,,,,,,,,,
2026,2021039378,2026-09-04,1750701,田中 幹也,,2,二,4,1.0,0,0,0,0,0,0,0,0,0,0,,0,0,0,0,0,0,,,,,,,,,,,,,,,,,,,,,,
2026,2021039378,2026-09-04,1851155,石原 勇輝,Ishihara Yuuki,35,投,2,1.0,0,0,0,0,0,0,0,0,0,0,,0,0,0,0,0,0,4,1.0,0.0,0,1,2.57,0.3333333333333333,0.1,,,0,0,0,0,0,,0,1,0,,1,4
2026,2021039378,2026-09-04,1900028,長岡 秀樹,,7,遊,2,1.0,1,4,4,1,2,0,0,0,0,0,,0,0,0,0,0,0,,,,,,,,,,,,,,,,,,,,,,
2026,2021039378,2026-09-04,1900037,石川 昂弥,,25,三,4,1.0,1,5,4,2,2,0,0,1,1,0,,1,0,0,0,0,0,,,,,,,,,,,,,,,,,,,,,,
2026,2021039378,2026-09-04,1900041,岡林 勇希,,1,中,4,1.0,1,4,4,0,1,1,0,0,0,0,,0,2,0,0,0,0,,,,,,,,,,,,,,,,,,,,,,
2026,2021039378,2026-09-04,1961300,ボスラー,,24,打,4,1.0,0,1,1,0,0,0,0,0,0,0,,0,0,0,0,0,0,,,,,,,,,,,,,,,,,,,,,,
2026,2021039378,2026-09-04,2000026,内山 壮真,,3,二,2,1.0,1,4,4,0,0,0,0,0,0,0,,0,1,0,0,0,0,,,,,,,,,,,,,,,,,,,,,,
2026,2021039378,2026-09-04,2000028,並木 秀尊,,0,中,2,1.0,1,3,3,0,1,0,0,0,0,0,,0,0,0,0,0,0,,,,,,,,,,,,,,,,,,,,,,
2026,2021039378,2026-09-04,2000031,赤羽 由紘,,0,三左,2,1.0,1,4,4,0,0,0,0,0,0,0,,0,1,0,0,0,1,,,,,,,,,,,,,,,,,,,,,,
2026,2021039378,2026-09-04,2000043,森 博人,Mori Hiroto,62,投,4,1.0,0,0,0,0,0,0,0,0,0,0,,0,0,0,0,0,0,2,1.0,0.0,0,0,0.00,1.0,1.0,,,0,0,0,0,0,,0,2,0,,3,12
2026,2021039378,2026-09-04,2000133,オスナ,,13,一,2,1.0,1,4,3,1,2,0,0,1,3,0,,1,0,0,0,0,0,,,,,,,,,,,,,,,,,,,,,,
2026,2021039378,2026-09-04,2000135,サンタナ,,25,左,2,1.0,1,4,4,1,1,1,0,0,1,0,,0,3,0,0,0,0,,,,,,,,,,,,,,,,,,,,,,
2026,2021039378,2026-09-04,2060049,アブレウ,Abureu,28,投,4,1.0,0,0,0,0,0,0,0,0,0,0,,0,0,0,0,0,0,4,1.0,0.0,1,1,1.89,1.0,1.0,,,0,1,0,0,0,,0,2,0,,4,18
2026,2021039378,2026-09-04,2100275,花田 旭,,57,右左,4,1.0,1,5,5,0,1,0,1,0,2,0,,0,0,0,0,0,0,,,,,,,,,,,,,,,,,,,,,,
2026,2021039378,2026-09-04,2100961,マラー,Maraa,93,投,4,1.0,1,3,3,0,0,0,0,0,0,0,,0,1,0,0,0,0,1,1.0,,6,7,2.66,6.0,6.0,,,0,4,4,4,1,,2,5,0,,23,100
2026,2021039378,2026-09-04,2102997,西村 瑠伊斗,,36,打,2,1.0,0,1,1,0,0,0,0,0,0,0,,0,1,0,0,0,0,,,,,,,,,,,,,,,,,,,,,,
2026,2021039378,2026-09-04,2103780,福永 裕基,,7,二一,4,1.0,1,5,4,1,2,0,0,1,1,1,,0,0,1,0,0,0,,,,,,,,,,,,,,,,,,,,,,
2026,2021039378,2026-09-04,2103947,樋口 正修,,97,走,4,1.0,0,0,0,0,0,0,0,0,0,0,,0,0,0,0,0,0,,,,,,,,,,,,,,,,,,,,,,
2026,2021039378,2026-09-04,2105626,廣澤 優,Hirosawa Yuu,70,投,2,1.0,0,0,0,0,0,0,0,0,0,0,,0,0,0,0,0,0,2,1.0,0.0,3,2,3.11,0.3333333333333333,0.1,,,0,2,3,3,0,,1,0,0,,4,17
2026,2021039378,2026-09-04,2112175,伊藤 琉偉,,67,三,2,1.0,0,0,0,0,0,0,0,0,0,0,,0,0,0,0,0,0,,,,,,,,,,,,,,,,,,,,,,
2026,2021039378,2026-09-04,2122334,リランソ,Riran Soviet,62,投,2,1.0,0,0,0,0,0,0,0,0,0,0,,0,0,0,0,0,0,5,1.0,0.0,2,3,1.41,2.0,2.0,,,0,0,0,0,0,,1,2,0,,8,30
2026,2021039381,2026-09-05,1300076,加治屋 蓮,Kajiya Ren,41,,376,,,,,,,,,,,,,,,,,,,2,1.0,0.0,2,2,2.90,1.0,1.0,,,0,2,0,0,0,,0,0,1,,6,21
2026,2021039381,2026-09-05,1600004,堀内 謙伍,,65,捕,376,1.0,0,1,1,0,0,0,0,0,0,0,,0,0,0,0,0,0,,,,,,,,,,,,,,,,,,,,,,
2026,2021039381,2026-09-05,1600007,村林 一輝,,6,打二,376,1.0,0,1,1,0,0,0,0,0,0,0,,0,1,0,0,0,0,,,,,,,,,,,,,,,,,,,,,,
2026,2021039381,2026-09-05,1600133,堀 瑞輝,Hori Mizu Akira,34,,8,,,,,,,,,,,,,,,,,,,3,1.0,0.0,4,1,3.08,0.6666666666666666,0.2,,,1,0,0,0,0,,0,1,0,,2,11
2026,2021039381,2026-09-05,1700025,清宮 幸太郎,,21,一,8,1.0,1,4,4,0,0,0,0,0,0,0,,0,1,0,0,0,0,,,,,,,,,,,,,,,,,,,,,,
2026,2021039381,2026-09-05,1750493,西垣 雅矢,Nishigaki Tadashi Ya,49,,376,,,,,,,,,,,,,,,,,,,4,1.0,0.0,3,4,5.12,1.0,1.0,,,0,1,0,0,0,,0,1,0,,4,15
2026,2021039381,2026-09-05,1800091,野村 佑希,,5,三左,8,1.0,1,4,4,0,1,0,0,0,0,0,,0,0,0,0,0,0,,,,,,,,,,,,,,,,,,,,,,
2026,2021039381,2026-09-05,1800117,辰己 涼介,,8,中,376,1.0,1,4,3,0,0,0,0,0,0,0,,1,1,0,0,0,0,,,,,,,,,,,,,,,,,,,,,,
2026,2021039381,2026-09-05,1800118,太田 光,,2,捕,376,1.0,1,2,2,0,0,0,0,0,0,0,,0,0,0,0,0,0,,,,,,,,,,,,,,,,,,,,,,
2026,2021039381,2026-09-05,1800122,渡邊 佳明,,35,打,376,1.0,0,1,1,0,0,0,0,0,0,0,,0,0,0,0,0,0,,,,,,,,,,,,,,,,,,,,,,
2026,2021039381,2026-09-05,1800123,小郷 裕哉,,51,右,376,1.0,1,5,5,0,2,1,0,0,0,0,,0,2,0,0,0,0,,,,,,,,,,,,,,,,,,,,,,
2026,2021039381,2026-09-05,1850932,奈良間 大己,,58,二三,8,1.0,1,4,4,1,2,0,0,0,0,1,,0,1,0,0,0,0,,,,,,,,,,,,,,,,,,,,,,
2026,2021039381,2026-09-05,1851157,宗山 塁,,1,遊,376,1.0,1,4,4,1,1,0,0,0,0,0,,0,0,0,0,0,0,,,,,,,,,,,,,,,,,,,,,,
2026,2021039381,2026-09-05,1851204,水野 達稀,,43,遊,8,1.0,1,4,2,1,0,0,0,0,0,0,,1,0,1,0,0,0,,,,,,,,,,,,,,,,,,,,,,
2026,2021039381,2026-09-05,1860140,レイエス,,99,指,8,1.0,1,4,4,1,1,0,0,1,3,0,,0,1,0,0,0,0,,,,,,,,,,,,,,,,,,,,,,
2026,2021039381,2026-09-05,1900040,郡司 裕也,,3,左,8,1.0,1,4,4,1,1,0,0,1,1,0,,0,0,0,0,0,0,,,,,,,,,,,,,,,,,,,,,,
2026,2021039381,2026-09-05,1900113,黒川 史陽,,24,三,376,1.0,1,3,3,1,1,0,0,0,0,0,,0,0,0,0,0,0,,,,,,,,,,,,,,,,,,,,,,
2026,2021039381,2026-09-05,1950278,中島 大輔,,32,左,376,1.0,1,5,5,0,1,0,0,0,1,0,,0,0,0,0,0,0,,,,,,,,,,,,,,,,,,,,,,
2026,2021039381,2026-09-05,1950486,進藤 勇也,,33,捕,8,1.0,1,4,4,0,2,0,0,0,0,0,,0,1,0,0,0,0,,,,,,,,,,,,,,,,,,,,,,
2026,2021039381,2026-09-05,2000079,伊藤 大海,Itou Taikai,17,,8,,,,,,,,,,,,,,,,,,,1,1.0,,9,9,3.11,7.0,7.0,,,0,8,1,1,0,,0,4,0,,29,90
2026,2021039381,2026-09-05,2000080,五十幡 亮汰,,50,走中,8,1.0,0,1,0,0,0,0,0,0,0,1,,0,0,0,1,0,0,,,,,,,,,,,,,,,,,,,,,,
2026,2021039381,2026-09-05,2000082,細川 凌平,,56,中右,8,1.0,1,4,4,1,1,0,0,0,0,1,,0,0,0,0,0,0,,,,,,,,,,,,,,,,,,,,,,
2026,2021039381,2026-09-05,2000084,今川 優馬,,61,右,8,1.0,1,3,2,0,0,0,0,0,0,0,,1,1,0,0,0,0,,,,,,,,,,,,,,,,,,,,,,
2026,2021039381,2026-09-05,2000121,早川 隆久,Hayakawa Takahisa,21,,376,,,,,,,,,,,,,,,,,,,1,1.0,,6,7,2.74,6.0,6.0,,,0,4,5,5,2,,2,4,0,,24,104
2026,2021039381,2026-09-05,2050143,大塚 瑠晏,,49,遊,8,1.0,0,1,1,0,0,0,0,0,0,0,,0,1,0,0,0,0,,,,,,,,,,,,,,,,,,,,,,
2026,2021039381,2026-09-05,2103635,柳川 大晟,Yanagawadai Akira,47,,8,,,,,,,,,,,,,,,,,,,4,1.0,0.0,4,0,1.60,1.0,1.0,,,25,0,0,0,0,,0,1,0,,3,10
2026,2021039381,2026-09-05,2103740,YG安田,,55,一,376,1.0,1,4,4,0,3,0,0,0,1,0,,0,0,0,0,0,0,,,,,,,,,,,,,,,,,,,,,,
2026,2021039381,2026-09-05,2103765,柴田 大地,Shibata Daichi,71,,376,,,,,,,,,,,,,,,,,,,3,1.0,0.0,2,1,7.06,1.0,1.0,,,1,1,0,0,0,,0,1,0,,4,15
2026,2021039381,2026-09-05,2105283,平良 竜哉,,48,打二三,376,1.0,0,2,2,0,1,1,0,0,0,0,,0,0,0,0,0,0,,,,,,,,,,,,,,,,,,,,,,
2026,2021039381,2026-09-05,2106890,孫 易磊,Son Osamu Rai,96,,8,,,,,,,,,,,,,,,,,,,2,1.0,0.0,2,1,2.59,0.3333333333333333,0.1,,,0,2,1,1,0,,1,0,0,,4,17
2026,2021039381,2026-09-05,2114529,山縣 秀,,54,走二,8,1.0,0,1,1,0,0,0,0,0,0,0,,0,0,0,0,0,0,,,,,,,,,,,,,,,,,,,,,,
2026,2021039381,2026-09-05,2117858,陽 柏翔,,75,二,376,1.0,1,2,2,0,0,0,0,0,0,0,,0,1,0,0,0,0,,,,,,,,,,,,,,,,,,,,,,
2026,2021039381,2026-09-05,2122300,マッカスカー,,34,指,376,1.0,1,4,4,0,1,0,0,0,0,0,,0,1,0,0,0,0,,,,,,,,,,,,,,,,,,,,,,
2026,2021039375,2026-09-02,1560256,ウレーニャ,U Ree Nya,22,,376,,,,,,,,,,,,,,,,,,,2,1.0,0.0,2,4,4.20,2.0,2.0,,,0,3,0,0,0,,0,2,0,,8,33
2026,2021039375,2026-09-02,1600004,堀内 謙伍,,65,捕,376,1.0,0,0,0,0,0,0,0,0,0,0,,0,0,0,0,0,0,,,,,,,,,,,,,,,,,,,,,,
2026,2021039375,2026-09-02,1600007,村林 一輝,,6,二三,376,1.0,1,3,2,0,0,0,0,0,0,0,,1,0,0,0,0,0,,,,,,,,,,,,,,,,,,,,,,
2026,2021039375,2026-09-02,1700025,清宮 幸太郎,,21,打一,8,1.0,0,1,1,0,0,0,0,0,0,0,,0,1,0,0,0,0,,,,,,,,,,,,,,,,,,,,,,
2026,2021039375,2026-09-02,1750493,西垣 雅矢,Nishigaki Tadashi Ya,49,,376,,,,,,,,,,,,,,,,,,,3,1.0,0.0,3,4,5.28,1.0,1.0,,,0,0,0,0,0,,1,1,0,,4,9
2026,2021039375,2026-09-02,1750903,北山 亘基,Kitayama Wataru Hajime,15,,8,,,,,,,,,,,,,,,,,,,1,1.0,,11,3,2.39,8.0,8.0,,,0,3,2,2,2,,1,8,0,,28,111
2026,2021039375,2026-09-02,1800091,野村 佑希,,5,中右左,8,1.0,1,5,5,1,2,0,0,0,1,2,,0,2,0,0,0,0,,,,,,,,,,,,,,,,,,,,,,
2026,2021039375,2026-09-02,1800110,水谷 瞬,,53,右左,8,1.0,1,4,4,1,0,0,0,0,0,0,,0,0,0,0,0,0,,,,,,,,,,,,,,,,,,,,,,
2026,2021039375,2026-09-02,1800117,辰己 涼介,,8,中,376,1.0,1,3,3,1,1,0,0,1,1,0,,0,1,0,0,0,0,,,,,,,,,,,,,,,,,,,,,,
2026,2021039375,2026-09-02,1800118,太田 光,,2,捕,376,1.0,1,2,2,0,0,0,0,0,0,0,,0,1,0,0,0,0,,,,,,,,,,,,,,,,,,,,,,
2026,2021039375,2026-09-02,1800123,小郷 裕哉,,51,右,376,1.0,1,4,4,0,0,0,0,0,0,0,,0,0,0,0,0,0,,,,,,,,,,,,,,,,,,,,,,
2026,2021039375,2026-09-02,1850932,奈良間 大己,,58,三二,8,1.0,0,1,1,0,0,0,0,0,0,0,,0,1,0,0,0,0,,,,,,,,,,,,,,,,,,,,,,
2026,2021039375,2026-09-02,1851157,宗山 塁,,1,遊,376,1.0,1,4,4,0,1,0,0,0,0,0,,0,0,0,0,0,0,,,,,,,,,,,,,,,,,,,,,,
2026,2021039375,2026-09-02,1851204,水野 達稀,,43,遊,8,1.0,1,4,3,0,2,0,0,0,2,0,,0,0,1,0,0,0,,,,,,,,,,,,,,,,,,,,,,
2026,2021039375,2026-09-02,1860140,レイエス,,99,指,8,1.0,1,5,4,2,3,1,0,1,2,0,,1,0,0,0,0,0,,,,,,,,,,,,,,,,,,,,,,
2026,2021039375,2026-09-02,1900040,郡司 裕也,,3,一,8,1.0,1,4,3,1,1,0,0,0,0,0,,1,0,0,0,0,0,,,,,,,,,,,,,,,,,,,,,,
2026,2021039375,2026-09-02,1900113,黒川 史陽,,24,三,376,1.0,1,3,3,0,0,0,0,0,0,0,,0,1,0,0,0,1,,,,,,,,,,,,,,,,,,,,,,
2026,2021039375,2026-09-02,1950278,中島 大輔,,32,左,376,1.0,1,4,4,0,0,0,0,0,0,0,,0,1,0,0,0,0,,,,,,,,,,,,,,,,,,,,,,
2026,2021039375,2026-09-02,1950486,進藤 勇也,,33,捕,8,1.0,1,4,4,0,2,1,0,0,0,0,,0,0,0,0,0,0,,,,,,,,,,,,,,,,,,,,,,
2026,2021039375,2026-09-02,2000080,五十幡 亮汰,,50,中,8,1.0,0,0,0,0,0,0,0,0,0,0,,0,0,0,0,0,0,,,,,,,,,,,,,,,,,,,,,,
2026,2021039375,2026-09-02,2000082,細川 凌平,,56,中右,8,1.0,0,1,0,0,0,0,0,0,0,0,,0,0,0,1,0,0,,,,,,,,,,,,,,,,,,,,,,
2026,2021039375,2026-09-02,2000084,今川 優馬,,61,左,8,1.0,1,4,4,0,0,0,0,0,0,0,,0,1,0,0,0,0,,,,,,,,,,,,,,,,,,,,,,
2026,2021039375,2026-09-02,2102124,泰 勝利,Thailand Shouri,59,,376,,,,,,,,,,,,,,,,,,,4,1.0,0.0,2,3,3.32,1.0,1.0,,,0,0,0,0,0,,0,1,0,,3,12
2026,2021039375,2026-09-02,2103603,有薗 直輝,,39,三,8,1.0,1,3,3,0,0,0,0,0,0,0,,0,3,0,0,0,0,,,,,,,,,,,,,,,,,,,,,,
2026,2021039375,2026-09-02,2103635,柳川 大晟,Yanagawadai Akira,47,,8,,,,,,,,,,,,,,,,,,,2,1.0,0.0,4,0,1.64,1.0,1.0,,,24,0,0,0,0,,0,1,0,,3,19
2026,2021039375,2026-09-02,2103740,YG安田,,55,一,376,1.0,1,3,3,0,0,0,0,0,0,0,,0,2,0,0,0,0,,,,,,,,,,,,,,,,,,,,,,
2026,2021039375,2026-09-02,2107900,吉田 賢吾,,60,打,8,1.0,0,1,1,0,0,0,0,0,0,0,,0,1,0,0,0,0,,,,,,,,,,,,,,,,,,,,,,
2026,2021039375,2026-09-02,2110316,古謝 樹,Koza Itsuki,17,,376,,,,,,,,,,,,,,,,,,,1,1.0,,1,10,3.66,5.0,5.0,,,0,8,5,4,1,,3,5,1,,26,106
2026,2021039375,2026-09-02,2114529,山縣 秀,,54,二三,8,1.0,1,4,1,0,1,0,0,0,0,0,,2,0,0,1,0,0,,,,,,,,,,,,,,,,,,,,,,
2026,2021039375,2026-09-02,2117858,陽 柏翔,,75,打二,376,1.0,0,1,1,0,0,0,0,0,0,0,,0,1,0,0,0,0,,,,,,,,,,,,,,,,,,,,,,
2026,2021039375,2026-09-02,2122300,マッカスカー,,34,指,376,1.0,1,4,4,1,1,0,0,1,1,0,,0,2,0,0,0,0,,,,,,,,,,,,,,,,,,,,,,
2026,2021039387,2026-09-01,800052,宮西 尚生,Miyanishi Hisao,25,,8,,,,,,,,,,,,,,,,,,,3,1.0,0.0,0,0,5.79,0.6666666666666666,0.2,,,0,2,1,1,0,,1,2,0,,5,22
2026,2021039387,2026-09-01,1400117,有原 航平,Arihara Kouhei,74,,8,,,,,,,,,,,,,,,,,,,1,1.0,,6,7,4.02,6.0,6.0,,,0,5,2,2,0,,2,4,1,,25,100
2026,2021039387,2026-09-01,1560256,ウレーニャ,U Ree Nya,22,,376,,,,,,,,,,,,,,,,,,,5,1.0,0.0,2,4,4.13,1.0,1.0,,,0,1,0,0,0,,0,0,0,,4,6
2026,2021039387,2026-09-01,1600004,堀内 謙伍,,65,捕,376,1.0,1,3,3,0,1,0,0,0,0,0,,0,0,0,0,0,0,,,,,,,,,,,,,,,,,,,,,,
2026,2021039387,2026-09-01,1600007,村林 一輝,,6,打,376,1.0,0,1,1,0,1,0,0,0,1,0,,0,0,0,0,0,0,,,,,,,,,,,,,,,,,,,,,,
2026,2021039387,2026-09-01,1600101,西口 直人,Nishiguchi Naoto,62,,376,,,,,,,,,,,,,,,,,,,2,1.0,0.0,0,0,0.00,0.6666666666666666,0.2,,,0,0,0,0,0,,0,1,0,,2,7
2026,2021039387,2026-09-01,1600133,堀 瑞輝,Hori Mizu Akira,34,,8,,,,,,,,,,,,,,,,,,,4,1.0,0.0,4,1,3.04,0.3333333333333333,0.1,,,1,1,0,0,0,,0,0,0,,2,10
2026,2021039387,2026-09-01,1700025,清宮 幸太郎,,21,一,8,1.0,1,4,4,1,2,0,0,1,3,0,,0,0,0,0,0,0,,,,,,,,,,,,,,,,,,,,,,
2026,2021039387,2026-09-01,1800091,野村 佑希,,5,右,8,1.0,1,5,4,1,1,0,0,0,0,1,,1,0,0,0,0,0,,,,,,,,,,,,,,,,,,,,,,
2026,2021039387,2026-09-01,1800117,辰己 涼介,,8,中,376,1.0,1,4,2,0,1,0,0,0,2,1,,2,1,0,0,0,0,,,,,,,,,,,,,,,,,,,,,,
2026,2021039387,2026-09-01,1800118,太田 光,,2,捕,376,1.0,0,0,0,0,0,0,0,0,0,0,,0,0,0,0,0,0,,,,,,,,,,,,,,,,,,,,,,
2026,2021039387,2026-09-01,1800123,小郷 裕哉,,51,右,376,1.0,1,5,4,1,1,1,0,0,0,0,,1,0,0,0,0,0,,,,,,,,,,,,,,,,,,,,,,
2026,2021039387,2026-09-01,1850932,奈良間 大己,,58,二,8,1.0,1,4,4,0,0,0,0,0,0,0,,0,0,0,0,0,0,,,,,,,,,,,,,,,,,,,,,,
2026,2021039387,2026-09-01,1851157,宗山 塁,,1,遊,376,1.0,1,5,5,0,0,0,0,0,0,0,,0,1,0,0,0,1,,,,,,,,,,,,,,,,,,,,,,
2026,2021039387,2026-09-01,1851204,水野 達稀,,43,遊,8,1.0,1,5,4,2,3,1,0,0,0,0,,1,0,0,0,0,0,,,,,,,,,,,,,,,,,,,,,,
2026,2021039387,2026-09-01,1860140,レイエス,,99,指,8,1.0,1,5,5,0,0,0,0,0,0,0,,0,1,0,0,0,0,,,,,,,,,,,,,,,,,,,,,,
2026,2021039387,2026-09-01,1900040,郡司 裕也,,3,左,8,1.0,1,4,4,0,0,0,0,0,0,0,,0,1,0,0,0,0,,,,,,,,,,,,,,,,,,,,,,
2026,2021039387,2026-09-01,1900100,佐藤 直樹,,38,打,376,1.0,0,1,1,0,0,0,0,0,0,0,,0,1,0,0,0,0,,,,,,,,,,,,,,,,,,,,,,
2026,2021039387,2026-09-01,1900112,小深田 大翔,,0,二,376,1.0,1,3,3,0,2,1,0,0,0,0,,0,0,0,0,0,0,,,,,,,,,,,,,,,,,,,,,,
2026,2021039387,2026-09-01,1900113,黒川 史陽,,24,三,376,1.0,1,3,3,0,0,0,0,0,0,0,,0,1,0,0,0,0,,,,,,,,,,,,,,,,,,,,,,
2026,2021039387,2026-09-01,1900117,瀧中 瞭太,Taki Naka Akira Futoshi,57,,376,,,,,,,,,,,,,,,,,,,1,1.0,,5,8,3.71,5.333333333333333,5.1,,,0,9,6,6,2,,1,0,0,,26,105
2026,2021039387,2026-09-01,1950278,中島 大輔,,32,左,376,1.0,1,5,5,1,2,0,0,0,0,1,,0,0,0,0,0,0,,,,,,,,,,,,,,,,,,,,,,
2026,2021039387,2026-09-01,1950486,進藤 勇也,,33,捕,8,1.0,1,4,3,1,1,0,0,1,2,0,,0,1,0,1,0,0,,,,,,,,,,,,,,,,,,,,,,
2026,2021039387,2026-09-01,2000080,五十幡 亮汰,,50,中,8,1.0,1,5,4,0,2,0,0,0,0,2,,1,0,0,0,0,0,,,,,,,,,,,,,,,,,,,,,,
2026,2021039387,2026-09-01,2000082,細川 凌平,,56,走右,8,1.0,0,0,0,0,0,0,0,0,0,0,,0,0,0,0,0,0,,,,,,,,,,,,,,,,,,,,,,
2026,2021039387,2026-09-01,2050143,大塚 瑠晏,,49,三,8,1.0,1,4,4,1,2,0,0,0,1,0,,0,1,0,0,0,0,,,,,,,,,,,,,,,,,,,,,,
2026,2021039387,2026-09-01,2100027,福島 蓮,Fukushima Ren,45,,8,,,,,,,,,,,,,,,,,,,5,1.0,0.0,5,4,3.69,1.0,1.0,,,1,1,0,0,0,,0,1,0,,4,16
2026,2021039387,2026-09-01,2102124,泰 勝利,Thailand Shouri,59,,376,,,,,,,,,,,,,,,,,,,4,1.0,0.0,2,3,3.10,1.3333333333333333,1.1,,,0,0,0,0,0,,0,2,0,,4,13
2026,2021039387,2026-09-01,2103740,YG安田,,55,一,376,1.0,1,5,5,0,2,1,0,0,0,0,,0,0,0,0,0,0,,,,,,,,,,,,,,,,,,,,,,
2026,2021039387,2026-09-01,2103765,柴田 大地,Shibata Daichi,71,,376,,,,,,,,,,,,,,,,,,,3,1.0,0.0,2,1,6.85,0.6666666666666666,0.2,,,1,1,0,0,0,,2,2,0,,5,25
2026,2021039387,2026-09-01,2105283,平良 竜哉,,48,打三,376,1.0,0,1,1,0,0,0,0,0,0,0,,0,1,0,0,0,0,,,,,,,,,,,,,,,,,,,,,,
2026,2021039387,2026-09-01,2107859,金村 尚真,Kanemura Shoushin,24,,8,,,,,,,,,,,,,,,,,,,2,1.0,0.0,0,0,2.25,1.0,1.0,,,0,2,0,0,0,,0,1,0,,5,20
2026,2021039387,2026-09-01,2108090,カストロ,,6,左,8,1.0,0,1,1,0,0,0,0,0,0,0,,0,1,0,0,0,0,,,,,,,,,,,,,,,,,,,,,,
2026,2021039387,2026-09-01,2117858,陽 柏翔,,75,走二,376,1.0,0,0,0,0,0,0,0,0,0,0,,0,0,0,0,0,0,,,,,,,,,,,,,,,,,,,,,,
2026,2021039387,2026-09-01,2122300,マッカスカー,,34,指,376,1.0,1,5,4,1,1,0,0,0,0,0,,0,3,1,0,0,0,,,,,,,,,,,,,,,,,,,,,,
2026,2021039368,2026-09-06,500014,涌井 秀章,Wakui Hideaki,20,投,4,1.0,1,1,1,0,0,0,0,0,0,0,,0,0,0,0,0,0,1,1.0,,4,2,3.18,5.0,5.0,,,0,6,4,4,1,,0,3,0,,21,93
2026,2021039368,2026-09-06,1100069,高橋 周平,,3,打,4,1.0,0,1,1,0,0,0,0,0,0,0,,0,0,0,0,0,0,,,,,,,,,,,,,,,,,,,,,,
2026,2021039368,2026-09-06,1100082,菊池 涼介,,33,二,6,1.0,1,4,3,0,0,0,0,0,0,0,,0,1,1,0,0,0,,,,,,,,,,,,,,,,,,,,,,
2026,2021039368,2026-09-06,1300057,大瀬良 大地,Oose Ryou Daichi,14,投,6,1.0,0,0,0,0,0,0,0,0,0,0,,0,0,0,0,0,0,5,1.0,0.0,0,2,8.64,1.0,1.0,,,0,0,0,0,0,,0,1,0,,3,9
2026,2021039368,2026-09-06,1300079,上林 誠知,,51,右,4,1.0,1,5,5,0,2,1,0,0,0,0,,0,1,0,0,0,0,,,,,,,,,,,,,,,,,,,,,,
2026,2021039368,2026-09-06,1400199,齋藤 綱記,Saitou Tsunaki,59,投,4,1.0,0,0,0,0,0,0,0,0,0,0,,0,0,0,0,0,0,3,1.0,0.0,4,3,3.47,1.0,1.0,,,0,0,0,0,0,,0,2,0,,3,12
2026,2021039368,2026-09-06,1500078,阿部 寿樹,,48,打,4,1.0,0,1,1,0,0,0,0,0,0,0,,0,1,0,0,0,0,,,,,,,,,,,,,,,,,,,,,,
2026,2021039368,2026-09-06,1600085,細川 成也,,55,左,4,1.0,1,5,5,0,0,0,0,0,0,0,,0,2,0,0,0,0,,,,,,,,,,,,,,,,,,,,,,
2026,2021039368,2026-09-06,1600124,坂倉 将吾,,31,三,6,1.0,1,4,4,0,1,1,0,0,1,0,,0,2,0,0,0,0,,,,,,,,,,,,,,,,,,,,,,
2026,2021039368,2026-09-06,1651376,福元 悠真,,40,打,4,1.0,0,1,0,1,0,0,0,0,0,0,,0,0,1,0,0,0,,,,,,,,,,,,,,,,,,,,,,
2026,2021039368,2026-09-06,1700072,遠藤 淳志,Endou Atsushi,66,投,6,1.0,0,0,0,0,0,0,0,0,0,0,,0,0,0,0,0,0,4,1.0,0.0,4,2,2.12,0.3333333333333333,0.1,,,0,0,0,0,0,,0,1,0,,1,6
2026,2021039368,2026-09-06,1750223,村松 開人,,5,遊,4,1.0,1,5,4,1,2,0,0,0,0,0,,0,0,1,0,0,0,,,,,,,,,,,,,,,,,,,,,,
2026,2021039368,2026-09-06,1800079,大盛 穂,,59,中,6,1.0,1,4,4,1,2,1,0,0,0,0,,0,1,0,0,0,0,,,,,,,,,,,,,,,,,,,,,,
2026,2021039368,2026-09-06,1900037,石川 昂弥,,25,三,4,1.0,1,4,3,1,0,0,0,0,0,0,,0,0,1,0,0,0,,,,,,,,,,,,,,,,,,,,,,
2026,2021039368,2026-09-06,1900041,岡林 勇希,,1,中,4,1.0,1,4,3,0,2,0,0,0,0,1,,1,0,0,0,0,0,,,,,,,,,,,,,,,,,,,,,,
2026,2021039368,2026-09-06,1900058,持丸 泰輝,,57,捕,6,1.0,1,4,4,1,2,0,0,0,0,0,,0,2,0,0,0,0,,,,,,,,,,,,,,,,,,,,,,
2026,2021039368,2026-09-06,1900073,鈴木 健矢,Suzuki Ken Ya,41,投,6,1.0,1,2,2,0,0,0,0,0,0,0,,0,1,0,0,0,0,1,1.0,,1,2,2.24,5.0,5.0,,,0,7,2,2,1,,1,3,2,,23,84
2026,2021039368,2026-09-06,1961300,ボスラー,,24,一,4,1.0,1,4,3,1,1,0,0,1,1,0,,1,1,0,0,0,0,,,,,,,,,,,,,,,,,,,,,,
2026,2021039368,2026-09-06,1961927,モンテロ,,95,打,6,1.0,0,1,1,0,0,0,0,0,0,0,,0,1,0,0,0,0,,,,,,,,,,,,,,,,,,,,,,
2026,2021039368,2026-09-06,2050203,佐々木 泰,,10,右,6,1.0,1,4,4,0,0,0,0,0,0,0,,0,0,0,0,0,0,,,,,,,,,,,,,,,,,,,,,,
2026,2021039368,2026-09-06,2060049,アブレウ,Abureu,28,投,4,1.0,0,0,0,0,0,0,0,0,0,0,,0,0,0,0,0,0,2,1.0,0.0,1,1,2.00,1.0,1.0,,,0,0,0,0,0,,0,1,1,,3,9
2026,2021039368,2026-09-06,2103780,福永 裕基,,7,二,4,1.0,1,4,4,1,3,0,1,1,3,0,,0,0,0,0,0,0,,,,,,,,,,,,,,,,,,,,,,
2026,2021039368,2026-09-06,2105102,石伊 雄太,,9,捕,4,1.0,1,4,2,0,1,0,0,0,0,0,,0,1,1,1,0,0,,,,,,,,,,,,,,,,,,,,,,
2026,2021039368,2026-09-06,2105295,吉田 聖弥,Yoshida Kiyoshi Wataru,47,投,4,1.0,0,0,0,0,0,0,0,0,0,0,,0,0,0,0,0,0,4,1.0,0.0,1,3,2.43,1.0,1.0,,,0,1,0,0,0,,0,1,0,,4,23
2026,2021039368,2026-09-06,2107869,松山 晋也,Matsuyama Shin'Ya,90,投,4,1.0,0,0,0,0,0,0,0,0,0,0,,0,0,0,0,0,0,5,1.0,0.0,1,3,1.73,1.0,1.0,,,26,0,0,0,0,,0,2,0,,3,16
2026,2021039368,2026-09-06,2107887,辰見 鴻之介,,69,走左,6,1.0,0,0,0,0,0,0,0,0,0,0,,0,0,0,0,0,0,,,,,,,,,,,,,,,,,,,,,,
2026,2021039368,2026-09-06,2108238,ターノック,Ta- Knock,42,投,6,1.0,0,0,0,0,0,0,0,0,0,0,,0,0,0,0,0,0,3,1.0,0.0,0,5,4.11,0.6666666666666666,0.2,,,0,2,2,2,0,,1,1,2,,7,29
2026,2021039368,2026-09-06,2110422,勝田 成,,0,遊,6,1.0,1,3,3,1,1,0,0,0,0,0,,0,0,0,0,0,0,,,,,,,,,,,,,,,,,,,,,,
2026,2021039368,2026-09-06,2112143,佐藤 啓介,,94,一,6,1.0,1,4,4,1,1,0,0,1,3,0,,0,0,0,0,0,0,,,,,,,,,,,,,,,,,,,,,,
2026,2021039368,2026-09-06,2114807,岡本 駿,Okamoto Shun,53,投,6,1.0,0,0,0,0,0,0,0,0,0,0,,0,0,0,0,0,0,2,1.0,0.0,7,6,3.99,1.0,1.0,,,0,2,1,1,1,,0,0,0,,5,17
2026,2021039368,2026-09-06,2114882,ファビアン,,61,左,6,1.0,1,4,4,0,0,0,0,0,0,0,,0,1,0,0,0,0,,,,,,,,,,,,,,,,,,,,,,
2026,2021039383,2026-09-01,12101,中村 剛也,,60,指,7,1.0,1,4,4,0,0,0,0,0,0,0,,0,3,0,0,0,0,,,,,,,,,,,,,,,,,,,,,,
2026,2021039383,2026-09-01,1000035,今宮 健太,,6,二,12,1.0,1,3,3,0,0,0,0,0,0,0,,0,1,0,0,0,0,,,,,,,,,,,,,,,,,,,,,,
2026,2021039383,2026-09-01,1000128,柳田 悠岐,,9,指,12,1.0,1,3,3,0,0,0,0,0,0,0,,0,0,0,0,0,0,,,,,,,,,,,,,,,,,,,,,,
2026,2021039383,2026-09-01,1000175,牧原 大成,,8,二,12,1.0,0,0,0,0,0,0,0,0,0,0,,0,0,0,0,0,0,,,,,,,,,,,,,,,,,,,,,,
2026,2021039383,2026-09-01,1100097,近藤 健介,,3,左,12,1.0,1,4,3,0,1,0,0,0,0,0,,1,2,0,0,0,0,,,,,,,,,,,,,,,,,,,,,,
2026,2021039383,2026-09-01,1400126,松本 裕樹,Matsumoto Yuuki,66,,12,,,,,,,,,,,,,,,,,,,2,1.0,0.0,4,4,2.17,1.0,1.0,,,4,0,0,0,0,,0,1,0,,3,11
2026,2021039383,2026-09-01,1400127,栗原 陵矢,,24,三,12,1.0,1,4,3,0,2,1,0,0,2,0,,0,0,0,0,1,0,,,,,,,,,,,,,,,,,,,,,,
2026,2021039383,2026-09-01,1500117,平沢 大河,,39,打右,7,1.0,0,1,1,0,0,0,0,0,0,0,,0,1,0,0,0,0,,,,,,,,,,,,,,,,,,,,,,
2026,2021039383,2026-09-01,1500140,谷川原 健太,,45,右,12,1.0,1,3,3,0,1,0,0,0,0,0,,0,0,0,0,0,0,,,,,,,,,,,,,,,,,,,,,,
2026,2021039383,2026-09-01,1550517,大津 亮介,Ootsu Ryousuke,19,,12,,,,,,,,,,,,,,,,,,,1,1.0,,11,4,2.36,7.0,7.0,,,0,4,0,0,0,,1,6,0,,27,104
2026,2021039383,2026-09-01,1600129,源田 壮亮,,6,遊,7,1.0,1,3,3,0,1,1,0,0,0,0,,0,0,0,0,0,0,,,,,,,,,,,,,,,,,,,,,,
2026,2021039383,2026-09-01,1650813,川村 友斗,,61,左,12,1.0,0,0,0,0,0,0,0,0,0,0,,0,0,0,0,0,0,,,,,,,,,,,,,,,,,,,,,,
2026,2021039383,2026-09-01,1660299,林 安可,,73,左,7,1.0,1,4,4,0,0,0,0,0,0,0,,0,1,0,0,0,0,,,,,,,,,,,,,,,,,,,,,,
2026,2021039383,2026-09-01,1700066,山本 祐大,,39,捕,12,1.0,1,3,3,0,0,0,0,0,0,0,,0,1,0,0,0,0,,,,,,,,,,,,,,,,,,,,,,
2026,2021039383,2026-09-01,1700135,周東 佑京,,23,中,12,1.0,1,4,3,1,1,0,0,0,0,0,,0,1,0,1,0,0,,,,,,,,,,,,,,,,,,,,,,
2026,2021039383,2026-09-01,1751148,隅田 知一郎,Sumida Tomoichirou,16,,7,,,,,,,,,,,,,,,,,,,1,1.0,,9,7,2.21,7.0,7.0,,,0,6,2,2,0,,1,7,0,,26,100
2026,2021039383,2026-09-01,1800085,森脇 亮介,Moriwaki Ryousuke,28,,7,,,,,,,,,,,,,,,,,,,2,1.0,0.0,1,1,2.25,1.0,1.0,,,0,1,0,0,0,,1,1,0,,5,22
2026,2021039383,2026-09-01,1800107,杉山 一樹,Sugiyama Kazuki,40,,12,,,,,,,,,,,,,,,,,,,3,1.0,0.0,1,2,3.00,1.0,1.0,,,28,0,0,0,0,,0,1,0,,3,13
2026,2021039383,2026-09-01,1950149,庄子 雄大,,25,遊,12,1.0,1,3,2,1,1,0,0,0,0,1,,1,1,0,0,0,0,,,,,,,,,,,,,,,,,,,,,,
2026,2021039383,2026-09-01,1950417,渡部 聖弥,,8,三,7,1.0,1,4,3,0,0,0,0,0,0,0,,1,1,0,0,0,0,,,,,,,,,,,,,,,,,,,,,,
2026,2021039383,2026-09-01,2000075,長谷川 信哉,,63,中,7,1.0,1,4,4,0,0,0,0,0,0,0,,0,1,0,0,0,0,,,,,,,,,,,,,,,,,,,,,,
2026,2021039383,2026-09-01,2050145,小島 大河,,10,捕,7,1.0,1,4,4,0,0,0,0,0,0,0,,0,1,0,0,0,0,,,,,,,,,,,,,,,,,,,,,,
2026,2021039383,2026-09-01,2101047,ネビン,,26,一,7,1.0,1,4,4,0,2,1,0,0,0,0,,0,0,0,0,0,0,,,,,,,,,,,,,,,,,,,,,,
2026,2021039383,2026-09-01,2103618,滝澤 夏央,,62,二,7,1.0,1,3,3,0,1,0,0,0,0,0,,0,0,0,0,0,0,,,,,,,,,,,,,,,,,,,,,,
2026,2021039383,2026-09-01,2103735,正木 智也,,31,一,12,1.0,1,4,4,0,1,0,0,0,0,0,,0,2,0,0,0,1,,,,,,,,,,,,,,,,,,,,,,
2026,2021039383,2026-09-01,2117028,カナリオ,,25,右,7,1.0,1,2,2,0,0,0,0,0,0,0,,0,0,0,0,0,0,,,,,,,,,,,,,,,,,,,,,,
2026,2021039372,2026-09-04,1100069,高橋 周平,,3,打,4,1.0,0,1,1,0,0,0,0,0,0,0,,0,1,0,0,0,0,,,,,,,,,,,,,,,,,,,,,,
2026,2021039372,2026-09-04,1100082,菊池 涼介,,33,二,6,1.0,1,5,5,1,2,0,0,0,0,0,,0,1,0,0,0,0,,,,,,,,,,,,,,,,,,,,,,
2026,2021039372,2026-09-04,1300079,上林 誠知,,51,右,4,1.0,1,4,4,0,0,0,0,0,0,0,,0,2,0,0,0,0,,,,,,,,,,,,,,,,,,,,,,
2026,2021039372,2026-09-04,1300094,杉浦 稔大,Sugiura Minorudai,33,投,4,1.0,0,0,0,0,0,0,0,0,0,0,,0,0,0,0,0,0,4,1.0,0.0,1,2,5.91,1.0,1.0,,,0,2,0,0,0,,0,0,0,,4,12
2026,2021039372,2026-09-04,1500078,阿部 寿樹,,48,打,4,1.0,0,1,1,0,0,0,0,0,0,0,,0,1,0,0,0,0,,,,,,,,,,,,,,,,,,,,,,
2026,2021039372,2026-09-04,1561854,サノー,,23,打,4,1.0,0,1,1,0,0,0,0,0,0,0,,0,1,0,0,0,0,,,,,,,,,,,,,,,,,,,,,,
2026,2021039372,2026-09-04,1600085,細川 成也,,55,左,4,1.0,1,4,4,1,2,0,0,0,0,0,,0,0,0,0,0,0,,,,,,,,,,,,,,,,,,,,,,
2026,2021039372,2026-09-04,1600124,坂倉 将吾,,31,三一,6,1.0,1,5,3,2,1,1,0,0,1,0,,2,1,0,0,0,0,,,,,,,,,,,,,,,,,,,,,,
2026,2021039372,2026-09-04,1750223,村松 開人,,5,遊,4,1.0,1,4,4,0,1,1,0,0,0,0,,0,3,0,0,0,0,,,,,,,,,,,,,,,,,,,,,,
2026,2021039372,2026-09-04,1800079,大盛 穂,,59,中,6,1.0,1,5,5,0,2,0,0,0,2,0,,0,0,0,0,0,0,,,,,,,,,,,,,,,,,,,,,,
2026,2021039372,2026-09-04,1850405,名原 典彦,,92,右左,6,1.0,0,1,1,0,0,0,0,0,0,0,,0,0,0,0,0,0,,,,,,,,,,,,,,,,,,,,,,
2026,2021039372,2026-09-04,1851138,草加 勝,Souka Kachi,14,投,4,1.0,0,0,0,0,0,0,0,0,0,0,,0,0,0,0,0,0,3,1.0,0.0,0,1,2.53,0.6666666666666666,0.2,,,0,1,0,0,0,,0,1,0,,3,16
2026,2021039372,2026-09-04,1900037,石川 昂弥,,25,三,4,1.0,1,4,3,1,2,0,0,1,2,0,,1,1,0,0,0,0,,,,,,,,,,,,,,,,,,,,,,
2026,2021039372,2026-09-04,1900038,橋本 侑樹,Hashimoto Yuuki,13,投,4,1.0,0,0,0,0,0,0,0,0,0,0,,0,0,0,0,0,0,2,1.0,0.0,4,3,4.63,0.3333333333333333,0.1,,,0,2,2,2,0,,0,0,0,,3,11
2026,2021039372,2026-09-04,1900041,岡林 勇希,,1,中,4,1.0,1,4,4,0,1,0,0,0,0,0,,0,1,0,0,0,0,,,,,,,,,,,,,,,,,,,,,,
2026,2021039372,2026-09-04,1900058,持丸 泰輝,,57,捕,6,1.0,1,4,3,0,0,0,0,0,0,0,,1,1,0,0,0,0,,,,,,,,,,,,,,,,,,,,,,
2026,2021039372,2026-09-04,1950429,高 太一,Kou Taichi,22,投,6,1.0,0,0,0,0,0,0,0,0,0,0,,0,0,0,0,0,0,2,1.0,0.0,3,2,1.80,1.0,1.0,,,0,1,0,0,0,,0,0,0,,4,14
2026,2021039372,2026-09-04,1961300,ボスラー,,24,一,4,1.0,1,4,4,0,0,0,0,0,0,0,,0,1,0,0,0,0,,,,,,,,,,,,,,,,,,,,,,
2026,2021039372,2026-09-04,1961927,モンテロ,,95,一,6,1.0,1,4,4,0,1,0,0,0,0,0,,0,1,0,0,0,0,,,,,,,,,,,,,,,,,,,,,,
2026,2021039372,2026-09-04,2000043,森 博人,Mori Hiroto,62,投,4,1.0,0,0,0,0,0,0,0,0,0,0,,0,0,0,0,0,0,5,1.0,0.0,0,0,0.00,1.0,1.0,,,0,0,0,0,0,,0,1,0,,3,9
2026,2021039372,2026-09-04,2000060,栗林 良吏,Kuribayashi Ryouri,20,投,6,1.0,1,3,2,0,0,0,0,0,0,0,,0,2,0,1,0,0,1,1.0,,6,5,2.49,7.0,7.0,,,0,6,2,2,1,,2,10,0,,29,118
2026,2021039372,2026-09-04,2000061,森浦 大輔,Moriura Daisuke,13,投,6,1.0,0,0,0,0,0,0,0,0,0,0,,0,0,0,0,0,0,3,1.0,0.0,5,2,2.22,1.0,1.0,,,19,1,0,0,0,,0,3,0,,4,21
2026,2021039372,2026-09-04,2050203,佐々木 泰,,10,右三,6,1.0,1,4,2,1,2,1,0,0,2,0,,1,0,0,0,1,0,,,,,,,,,,,,,,,,,,,,,,
2026,2021039372,2026-09-04,2103780,福永 裕基,,7,二,4,1.0,1,4,3,0,0,0,0,0,0,0,,1,0,0,0,0,0,,,,,,,,,,,,,,,,,,,,,,
2026,2021039372,2026-09-04,2105102,石伊 雄太,,9,捕,4,1.0,1,4,4,0,2,1,0,0,0,0,,0,1,0,0,0,0,,,,,,,,,,,,,,,,,,,,,,
2026,2021039372,2026-09-04,2107875,久保 修,,56,右,6,1.0,0,0,0,0,0,0,0,0,0,0,,0,0,0,0,0,0,,,,,,,,,,,,,,,,,,,,,,
2026,2021039372,2026-09-04,2107887,辰見 鴻之介,,69,走左,6,1.0,0,1,1,1,0,0,0,0,0,1,,0,0,0,0,0,0,,,,,,,,,,,,,,,,,,,,,,
2026,2021039372,2026-09-04,2108462,金丸 夢斗,Kanemarumu To,21,投,4,1.0,1,2,1,0,0,0,0,0,0,0,,0,1,0,1,0,0,1,1.0,,5,10,2.67,6.0,6.0,,,0,5,3,3,0,,5,6,0,,28,107
2026,2021039372,2026-09-04,2110422,勝田 成,,0,遊,6,1.0,1,4,3,0,1,0,0,0,0,0,,1,1,0,0,0,0,,,,,,,,,,,,,,,,,,,,,,
2026,2021039372,2026-09-04,2112143,佐藤 啓介,,94,左,6,1.0,1,4,4,0,0,0,0,0,0,0,,0,1,0,0,0,0,,,,,,,,,,,,,,,,,,,,,,
2026,2021039372,2026-09-04,2114882,ファビアン,,61,打,6,1.0,0,1,1,0,1,0,0,0,0,0,,0,0,0,0,0,0,,,,,,,,,,,,,,,,,,,,,,
2026,2021039360,2026-09-04,700003,坂本 勇人,,6,打,1,1.0,0,1,1,0,0,0,0,0,0,0,,0,1,0,0,0,0,,,,,,,,,,,,,,,,,,,,,,
2026,2021039360,2026-09-04,800043,丸 佳浩,,8,左,1,1.0,1,4,3,0,1,0,0,0,2,0,,1,0,0,0,0,1,,,,,,,,,,,,,,,,,,,,,,
2026,2021039360,2026-09-04,1000002,筒香 嘉智,,25,三,3,1.0,1,4,3,0,0,0,0,0,0,0,,1,3,0,0,0,0,,,,,,,,,,,,,,,,,,,,,,
2026,2021039360,2026-09-04,1100095,松本 剛,,9,中,1,1.0,1,4,4,1,1,1,0,0,0,0,,0,1,0,0,0,0,,,,,,,,,,,,,,,,,,,,,,
2026,2021039360,2026-09-04,1450977,森田 駿哉,Morita Shun kana,47,投,1,1.0,0,0,0,0,0,0,0,0,0,0,,0,0,0,0,0,0,2,1.0,0.0,0,0,3.09,1.0,1.0,,,0,0,0,0,0,,0,1,0,,3,10
2026,2021039360,2026-09-04,1500052,中川 皓太,Nakagawa Kouta,41,投,1,1.0,0,0,0,0,0,0,0,0,0,0,,0,0,0,0,0,0,3,1.0,0.0,2,1,1.99,1.0,1.0,,,0,0,0,0,0,,0,2,0,,3,15
2026,2021039360,2026-09-04,1500064,戸柱 恭孝,,10,捕,3,1.0,1,3,3,0,1,0,0,0,0,0,,0,1,0,0,0,0,,,,,,,,,,,,,,,,,,,,,,
2026,2021039360,2026-09-04,1561820,ダルベック,,29,一,1,1.0,1,4,4,0,0,0,0,0,0,0,,0,3,0,0,0,0,,,,,,,,,,,,,,,,,,,,,,
2026,2021039360,2026-09-04,1600089,佐野 恵太,,7,一,3,1.0,1,4,3,0,0,0,0,0,0,0,,1,0,0,0,0,0,,,,,,,,,,,,,,,,,,,,,,
2026,2021039360,2026-09-04,1600116,浜地 真澄,Hamachi Masumi,52,投,3,1.0,0,0,0,0,0,0,0,0,0,0,,0,0,0,0,0,0,2,1.0,0.0,0,0,0.92,1.0,1.0,,,0,2,0,0,0,,0,1,0,,5,19
2026,2021039360,2026-09-04,1650818,鈴木 大和,,59,走左,1,1.0,0,0,0,0,0,0,0,0,0,0,,0,0,0,0,0,0,,,,,,,,,,,,,,,,,,,,,,
2026,2021039360,2026-09-04,1700010,マルティネス,Marutinesu,92,投,1,1.0,0,0,0,0,0,0,0,0,0,0,,0,0,0,0,0,0,5,1.0,0.0,4,3,1.47,1.0,1.0,,,36,0,0,0,0,,0,0,0,,3,12
2026,2021039360,2026-09-04,1700027,田中 瑛斗,Tanaka Akira To,45,投,1,1.0,0,0,0,0,0,0,0,0,0,0,,0,0,0,0,0,0,4,1.0,0.0,2,3,1.60,1.0,1.0,,,2,0,0,0,0,,0,1,0,,3,7
2026,2021039360,2026-09-04,1700044,大城 卓三,,24,捕,1,1.0,1,4,4,0,1,0,0,0,0,0,,0,1,0,0,0,0,,,,,,,,,,,,,,,,,,,,,,
2026,2021039360,2026-09-04,1700049,湯浅 大,,0,走,1,1.0,0,0,0,1,0,0,0,0,0,0,,0,0,0,0,0,0,,,,,,,,,,,,,,,,,,,,,,
2026,2021039360,2026-09-04,1700067,中川 虎大,Nakagawa Toradai,64,投,3,1.0,0,0,0,0,0,0,0,0,0,0,,0,0,0,0,0,0,3,1.0,0.0,5,5,2.48,1.0,1.0,,,0,0,0,0,0,,1,1,0,,3,22
2026,2021039360,2026-09-04,1750321,泉口 友汰,,35,遊,1,1.0,1,4,3,0,2,1,0,0,0,0,,0,1,0,1,0,0,,,,,,,,,,,,,,,,,,,,,,
2026,2021039360,2026-09-04,1800028,戸郷 翔征,To Gou Shou Susumu,20,投,1,1.0,1,1,1,0,0,0,0,0,0,0,,0,1,0,0,0,0,1,1.0,,4,1,2.35,5.0,5.0,,,0,5,3,2,1,,3,5,0,,22,92
2026,2021039360,2026-09-04,1850208,林 琢真,,0,遊,3,1.0,1,4,4,1,1,0,0,0,0,1,,0,1,0,0,0,0,,,,,,,,,,,,,,,,,,,,,,
2026,2021039360,2026-09-04,1850873,度会 隆輝,,4,左,3,1.0,1,4,4,1,1,0,0,1,1,0,,0,1,0,0,0,0,,,,,,,,,,,,,,,,,,,,,,
2026,2021039360,2026-09-04,1860235,ルイーズ,Ruiizu,49,投,3,1.0,0,0,0,0,0,0,0,0,0,0,,0,0,0,0,0,0,4,1.0,0.0,1,2,3.29,0.6666666666666666,0.2,,,0,2,1,1,0,,0,0,0,,4,14
2026,2021039360,2026-09-04,1900035,蝦名 達夫,,61,中,3,1.0,1,4,4,0,0,0,0,0,0,0,,0,1,0,0,0,0,,,,,,,,,,,,,,,,,,,,,,
2026,2021039360,2026-09-04,1951153,浦田 俊輔,,32,二,1,1.0,1,4,3,1,1,0,0,0,1,0,,0,0,0,0,1,0,,,,,,,,,,,,,,,,,,,,,,
2026,2021039360,2026-09-04,2000007,中山 礼都,,40,打,1,1.0,0,1,1,0,1,0,0,0,0,0,,0,0,0,0,0,0,,,,,,,,,,,,,,,,,,,,,,
2026,2021039360,2026-09-04,2000035,牧 秀悟,,2,二,3,1.0,1,4,3,1,0,0,0,0,0,0,,1,0,0,0,0,0,,,,,,,,,,,,,,,,,,,,,,
2026,2021039360,2026-09-04,2000108,井上 朋也,,40,打,3,1.0,0,1,1,0,0,0,0,0,0,0,,0,1,0,0,0,0,,,,,,,,,,,,,,,,,,,,,,
2026,2021039360,2026-09-04,2106178,佐々木 俊輔,,44,右,1,1.0,1,4,4,0,2,0,0,0,0,0,,0,0,0,0,0,0,,,,,,,,,,,,,,,,,,,,,,
2026,2021039360,2026-09-04,2108195,エンカーナシオン,,69,右,3,1.0,1,4,4,0,1,0,0,0,0,0,,0,1,0,0,0,0,,,,,,,,,,,,,,,,,,,,,,
2026,2021039360,2026-09-04,2112182,石田 裕太郎,Ishida Hiroshi Tarou,54,投,3,1.0,1,2,2,0,1,0,0,0,1,0,,0,0,0,0,0,0,1,1.0,,4,8,3.16,6.0,6.0,,,0,6,3,3,0,,0,6,0,,23,97
2026,2021039360,2026-09-04,2116069,石塚 裕惺,,23,三,1,1.0,1,4,2,1,1,1,0,0,1,0,,0,0,0,1,1,0,,,,,,,,,,,,,,,,,,,,,,
2026,2021039382,2026-09-05,1300109,若月 健矢,,2,捕,11,1.0,1,5,3,0,1,0,0,0,0,0,,1,1,0,1,0,0,,,,,,,,,,,,,,,,,,,,,,
2026,2021039382,2026-09-05,1400140,小野 郁,Ono Kaoru,37,,9,,,,,,,,,,,,,,,,,,,6,1.0,0.0,2,3,2.41,0.3333333333333333,0.1,,,0,2,1,1,0,,2,0,0,,5,11
2026,2021039382,2026-09-05,1400196,宗 佑磨,,6,打三,11,1.0,0,3,2,1,1,0,0,0,0,0,,1,0,0,0,0,0,,,,,,,,,,,,,,,,,,,,,,
2026,2021039382,2026-09-05,1450608,八木 彬,Yagi Akira,33,,9,,,,,,,,,,,,,,,,,,,2,1.0,0.0,9,0,1.54,0.6666666666666666,0.2,,,0,0,0,0,0,,0,0,0,,2,10
2026,2021039382,2026-09-05,1500096,西川 龍馬,,7,指,11,1.0,1,6,5,2,2,0,0,0,0,0,,1,1,0,0,0,0,,,,,,,,,,,,,,,,,,,,,,
2026,2021039382,2026-09-05,1500102,愛斗,,50,中,9,1.0,0,0,0,0,0,0,0,0,0,0,,0,0,0,0,0,0,,,,,,,,,,,,,,,,,,,,,,
2026,2021039382,2026-09-05,1500128,大城 滉二,,10,三,11,1.0,1,3,2,1,1,0,0,0,0,0,,0,0,0,1,0,0,,,,,,,,,,,,,,,,,,,,,,
2026,2021039382,2026-09-05,1600150,山岡 泰輔,Yamaoka Yasusuke,19,,11,,,,,,,,,,,,,,,,,,,3,1.0,0.0,0,0,5.93,0.6666666666666666,0.2,,,1,1,0,0,0,,0,1,0,,3,12
2026,2021039382,2026-09-05,1700020,ソト,,99,指,9,1.0,1,5,5,0,0,0,0,0,0,0,,0,4,0,0,0,0,,,,,,,,,,,,,,,,,,,,,,
2026,2021039382,2026-09-05,1700034,山崎 剛,,38,遊,9,1.0,1,4,4,1,2,0,0,0,1,0,,0,0,0,0,0,0,,,,,,,,,,,,,,,,,,,,,,
2026,2021039382,2026-09-05,1700092,安田 尚憲,,5,打,9,1.0,0,1,1,0,0,0,0,0,0,0,,0,0,0,0,0,0,,,,,,,,,,,,,,,,,,,,,,
2026,2021039382,2026-09-05,1700109,田嶋 大樹,Tajima Daiki,29,,11,,,,,,,,,,,,,,,,,,,4,1.0,0.0,2,5,6.25,1.0,1.0,,,0,1,0,0,0,,0,0,0,,4,13
2026,2021039382,2026-09-05,1750667,山中 稜真,,50,一,11,1.0,1,4,4,1,0,0,0,0,0,0,,0,2,0,0,0,0,,,,,,,,,,,,,,,,,,,,,,
2026,2021039382,2026-09-05,1751068,野口 智哉,,9,打二,11,1.0,0,1,1,0,0,0,0,0,0,0,,0,0,0,0,0,0,,,,,,,,,,,,,,,,,,,,,,
2026,2021039382,2026-09-05,1800050,藤原 恭大,,1,中右,9,1.0,1,5,5,0,1,0,0,0,1,0,,0,0,0,0,0,0,,,,,,,,,,,,,,,,,,,,,,
2026,2021039382,2026-09-05,1800052,小島 和哉,Kojima Kazuya,14,,9,,,,,,,,,,,,,,,,,,,1,1.0,,5,8,3.64,5.333333333333333,5.1,,,0,8,4,2,0,,2,7,0,,27,100
2026,2021039382,2026-09-05,1800053,山口 航輝,,51,左一,9,1.0,1,5,5,0,1,1,0,0,1,0,,0,2,0,0,0,0,,,,,,,,,,,,,,,,,,,,,,
2026,2021039382,2026-09-05,1800098,太田 椋,,1,二一,11,1.0,1,6,6,0,1,0,0,0,2,0,,0,2,0,0,0,0,,,,,,,,,,,,,,,,,,,,,,
2026,2021039382,2026-09-05,1800101,富山 凌雅,Toyama Ryou Tadashi,28,,11,,,,,,,,,,,,,,,,,,,2,1.0,0.0,0,1,4.50,0.3333333333333333,0.1,,,0,3,2,2,0,,0,0,0,,4,11
2026,2021039382,2026-09-05,1800104,中川 圭太,,67,中左,11,1.0,1,5,4,0,2,0,0,0,1,0,,1,1,0,0,0,0,,,,,,,,,,,,,,,,,,,,,,
2026,2021039382,2026-09-05,1850947,上田 希由翔,,10,一,9,1.0,1,2,2,1,1,0,0,0,1,0,,0,1,0,0,0,0,,,,,,,,,,,,,,,,,,,,,,
2026,2021039382,2026-09-05,1900081,佐藤 都志也,,32,捕,9,1.0,1,5,5,2,3,0,0,1,1,0,,0,1,0,0,0,0,,,,,,,,,,,,,,,,,,,,,,
2026,2021039382,2026-09-05,1900083,横山 陸人,Yokoyama Rikunin,15,,9,,,,,,,,,,,,,,,,,,,5,1.0,0.0,1,2,1.94,1.0,1.0,,,31,3,1,1,0,,0,0,0,,6,24
2026,2021039382,2026-09-05,1900088,紅林 弘太郎,,24,遊,11,1.0,1,5,5,1,2,0,0,1,1,0,,0,1,0,0,0,0,,,,,,,,,,,,,,,,,,,,,,
2026,2021039382,2026-09-05,1950286,西川 史礁,,6,右左,9,1.0,1,5,5,0,1,0,0,0,0,0,,0,2,0,0,0,0,,,,,,,,,,,,,,,,,,,,,,
2026,2021039382,2026-09-05,1961416,マチャド,Machado,42,,11,,,,,,,,,,,,,,,,,,,6,1.0,0.0,3,1,1.19,1.0,1.0,,,29,3,0,0,0,,0,1,0,,6,16
2026,2021039382,2026-09-05,2000087,鈴木 昭汰,Suzuki Akira ?,47,,9,,,,,,,,,,,,,,,,,,,4,1.0,0.0,6,2,2.42,1.0,1.0,,,1,1,0,0,0,,0,1,0,,4,11
2026,2021039382,2026-09-05,2000088,中森 俊介,Nakamori Shunsuke,56,,9,,,,,,,,,,,,,,,,,,,3,1.0,0.0,4,1,1.89,1.0,1.0,,,1,1,1,1,1,,0,2,0,,4,13
2026,2021039382,2026-09-05,2000089,小川 龍成,,57,二,9,1.0,1,5,5,0,3,1,0,0,0,0,,0,1,0,0,0,1,,,,,,,,,,,,,,,,,,,,,,
2026,2021039382,2026-09-05,2000094,山本 大斗,,61,打右,9,1.0,0,2,2,1,0,0,0,0,0,0,,0,0,0,0,0,0,,,,,,,,,,,,,,,,,,,,,,
2026,2021039382,2026-09-05,2000098,来田 涼斗,,38,右,11,1.0,1,5,5,0,3,1,0,0,2,0,,0,1,0,0,0,2,,,,,,,,,,,,,,,,,,,,,,
2026,2021039382,2026-09-05,2050254,池田 陵真,,39,左,11,1.0,1,3,3,0,1,1,0,0,1,0,,0,1,0,0,0,0,,,,,,,,,,,,,,,,,,,,,,
2026,2021039382,2026-09-05,2102926,寺地 隆成,,65,三,9,1.0,1,5,5,1,2,1,0,0,1,0,,0,1,0,0,0,0,,,,,,,,,,,,,,,,,,,,,,
2026,2021039382,2026-09-05,2103693,池田 来翔,,0,一,9,1.0,0,0,0,0,0,0,0,0,0,0,,0,0,0,0,0,0,,,,,,,,,,,,,,,,,,,,,,
2026,2021039382,2026-09-05,2103747,渡部 遼人,,0,走中,11,1.0,0,2,2,1,1,0,0,0,0,0,,0,0,0,0,0,0,,,,,,,,,,,,,,,,,,,,,,
2026,2021039382,2026-09-05,2108177,エスピノーザ,Esupinooza,0,,11,,,,,,,,,,,,,,,,,,,1,1.0,,11,5,2.65,6.0,6.0,,,0,6,4,4,1,,0,10,0,,24,104
2026,2021039382,2026-09-05,2117852,東山 玲士,Higashiyama Reishi,54,,11,,,,,,,,,,,,,,,,,,,5,1.0,0.0,0,0,4.05,1.0,1.0,,,0,0,0,0,0,,0,0,0,,3,6
2026,2021039380,2026-09-05,700003,坂本 勇人,,6,打,1,1.0,0,1,1,1,1,1,0,0,2,0,,0,0,0,0,0,0,,,,,,,,,,,,,,,,,,,,,,
2026,2021039380,2026-09-05,700069,田中 将大,Tanaka Masahiro,11,投,1,1.0,1,1,1,0,0,0,0,0,0,0,,0,1,0,0,0,0,1,1.0,,3,4,3.67,3.0,3.0,,,0,4,3,1,1,,2,1,0,,14,63
2026,2021039380,2026-09-05,800043,丸 佳浩,,8,打,1,1.0,0,1,0,0,0,0,0,0,0,0,,1,0,0,0,0,0,,,,,,,,,,,,,,,,,,,,,,
2026,2021039380,2026-09-05,1000176,甲斐 拓也,,10,捕,1,1.0,0,2,2,1,1,0,0,1,1,0,,0,0,0,0,0,0,,,,,,,,,,,,,,,,,,,,,,
2026,2021039380,2026-09-05,1100082,菊池 涼介,,33,二,6,1.0,1,4,3,0,1,0,0,0,0,0,,1,0,0,0,0,0,,,,,,,,,,,,,,,,,,,,,,
2026,2021039380,2026-09-05,1100095,松本 剛,,9,左,1,1.0,1,6,6,1,1,0,0,0,0,0,,0,1,0,0,0,0,,,,,,,,,,,,,,,,,,,,,,
2026,2021039380,2026-09-05,1200117,則本 昂大,Nori Moto Koudai,43,投,1,1.0,0,0,0,0,0,0,0,0,0,0,,0,0,0,0,0,0,9,1.0,0.0,3,4,5.17,1.0,1.0,,,0,0,0,0,0,,0,2,0,,3,16
2026,2021039380,2026-09-05,1300057,大瀬良 大地,Oose Ryou Daichi,14,投,6,1.0,0,0,0,0,0,0,0,0,0,0,,0,0,0,0,0,0,2,1.0,0.0,0,2,7.84,1.0,1.0,,,0,1,1,1,1,,0,2,0,,4,13
2026,2021039380,2026-09-05,1400173,野間 峻祥,,37,打,6,1.0,0,1,1,0,0,0,0,0,0,0,,0,1,0,0,0,0,,,,,,,,,,,,,,,,,,,,,,
2026,2021039380,2026-09-05,1450689,船迫 大雅,Fune Sako Taiga,58,投,1,1.0,0,0,0,0,0,0,0,0,0,0,,0,0,0,0,0,0,3,1.0,0.0,3,1,2.25,0.6666666666666666,0.2,,,0,1,0,0,0,,1,0,0,,3,8
2026,2021039380,2026-09-05,1450977,森田 駿哉,Morita Shun kana,47,投,1,1.0,0,0,0,0,0,0,0,0,0,0,,0,0,0,0,0,0,5,1.0,0.0,0,0,2.97,1.0,1.0,,,0,1,0,0,0,,0,0,0,,4,9
2026,2021039380,2026-09-05,1500052,中川 皓太,Nakagawa Kouta,41,投,1,1.0,0,0,0,0,0,0,0,0,0,0,,0,0,0,0,0,0,6,1.0,0.0,2,1,2.48,0.3333333333333333,0.1,,,0,2,2,2,1,,0,1,0,,3,10
2026,2021039380,2026-09-05,1600124,坂倉 将吾,,31,三一,6,1.0,1,5,3,0,1,0,0,0,1,0,,1,1,0,0,1,0,,,,,,,,,,,,,,,,,,,,,,
2026,2021039380,2026-09-05,1650818,鈴木 大和,,59,中,1,1.0,1,6,5,0,2,0,0,0,1,0,,1,1,0,0,0,1,,,,,,,,,,,,,,,,,,,,,,
2026,2021039380,2026-09-05,1700010,マルティネス,Marutinesu,92,投,1,1.0,0,0,0,0,0,0,0,0,0,0,,0,0,0,0,0,0,10,1.0,0.0,4,3,1.37,1.0,1.0,,,37,0,0,0,0,,0,1,0,,3,19
2026,2021039380,2026-09-05,1700027,田中 瑛斗,Tanaka Akira To,45,投,1,1.0,0,0,0,0,0,0,0,0,0,0,,0,0,0,0,0,0,8,1.0,0.0,2,3,1.70,1.0,1.0,,,2,0,0,0,0,,1,0,0,,4,16
2026,2021039380,2026-09-05,1700044,大城 卓三,,24,捕,1,1.0,1,5,4,2,2,1,0,1,1,0,,0,2,1,0,0,0,,,,,,,,,,,,,,,,,,,,,,
2026,2021039380,2026-09-05,1700049,湯浅 大,,0,打,1,1.0,0,1,1,0,0,0,0,0,0,0,,0,1,0,0,0,0,,,,,,,,,,,,,,,,,,,,,,
2026,2021039380,2026-09-05,1700068,中村 奨成,,96,中右,6,1.0,1,5,5,0,2,1,0,0,0,0,,0,0,0,0,0,0,,,,,,,,,,,,,,,,,,,,,,
2026,2021039380,2026-09-05,1700072,遠藤 淳志,Endou Atsushi,66,投,6,1.0,0,0,0,0,0,0,0,0,0,0,,0,0,0,0,0,0,3,1.0,0.0,4,2,2.03,1.0,1.0,,,0,0,0,0,0,,0,0,0,,3,13
2026,2021039380,2026-09-05,1750321,泉口 友汰,,35,遊,1,1.0,1,6,5,1,1,0,0,0,1,0,,1,2,0,0,0,0,,,,,,,,,,,,,,,,,,,,,,
2026,2021039380,2026-09-05,1800024,増田 陸,,61,一,1,1.0,1,6,5,2,2,0,0,1,1,0,,1,2,0,0,0,0,,,,,,,,,,,,,,,,,,,,,,
2026,2021039380,2026-09-05,1800079,大盛 穂,,59,中,6,1.0,0,2,2,0,0,0,0,0,0,0,,0,0,0,0,0,0,,,,,,,,,,,,,,,,,,,,,,
2026,2021039380,2026-09-05,1800111,泉 圭輔,Izumi Keisuke,63,投,1,1.0,0,0,0,0,0,0,0,0,0,0,,0,0,0,0,0,0,7,1.0,0.0,0,0,2.63,0.6666666666666666,0.2,,,0,0,0,0,0,,0,0,0,,2,10
2026,2021039380,2026-09-05,1850405,名原 典彦,,92,打,6,1.0,0,1,1,0,0,0,0,0,0,0,,0,0,0,0,0,0,,,,,,,,,,,,,,,,,,,,,,
2026,2021039380,2026-09-05,1900016,堀田 賢慎,Hotta Ken Makoto,91,投,1,1.0,0,0,0,0,0,0,0,0,0,0,,0,0,0,0,0,0,4,1.0,0.0,1,1,0.80,1.0,1.0,,,0,0,0,0,0,,0,1,0,,3,14
2026,2021039380,2026-09-05,1900056,石原 貴規,,32,捕,6,1.0,0,1,1,0,0,0,0,0,0,0,,0,1,0,0,0,0,,,,,,,,,,,,,,,,,,,,,,
2026,2021039380,2026-09-05,1900057,玉村 昇悟,Tamamura Noboru Satoru,65,投,6,1.0,1,1,1,0,0,0,0,0,0,0,,0,0,0,0,0,0,1,1.0,,1,5,2.90,4.0,4.0,,,0,4,2,1,1,,2,6,1,,18,61
2026,2021039380,2026-09-05,1900058,持丸 泰輝,,57,捕,6,1.0,1,4,4,0,0,0,0,0,0,0,,0,3,0,0,0,0,,,,,,,,,,,,,,,,,,,,,,
2026,2021039380,2026-09-05,1950429,高 太一,Kou Taichi,22,投,6,1.0,0,0,0,0,0,0,0,0,0,0,,0,0,0,0,0,0,5,1.0,0.0,3,2,1.96,1.0,1.0,,,0,2,1,1,0,,0,2,0,,5,23
2026,2021039380,2026-09-05,1951153,浦田 俊輔,,32,二,1,1.0,1,6,6,1,1,0,0,0,0,1,,0,3,0,0,0,0,,,,,,,,,,,,,,,,,,,,,,
2026,2021039380,2026-09-05,1961927,モンテロ,,95,打,6,1.0,0,1,1,0,0,0,0,0,0,0,,0,0,0,0,0,0,,,,,,,,,,,,,,,,,,,,,,
2026,2021039380,2026-09-05,2000007,中山 礼都,,40,走,1,1.0,0,0,0,0,0,0,0,0,0,0,,0,0,0,0,0,0,,,,,,,,,,,,,,,,,,,,,,
2026,2021039380,2026-09-05,2000061,森浦 大輔,Moriura Daisuke,13,投,6,1.0,0,0,0,0,0,0,0,0,0,0,,0,0,0,0,0,0,6,1.0,0.0,5,2,2.36,1.0,1.0,,,19,1,1,1,0,,2,2,1,,7,30
2026,2021039380,2026-09-05,2000066,二俣 翔一,,99,遊,6,1.0,0,1,0,0,0,0,0,0,0,0,,1,0,0,0,0,0,,,,,,,,,,,,,,,,,,,,,,
2026,2021039380,2026-09-05,2050203,佐々木 泰,,10,右三,6,1.0,1,5,5,1,1,0,0,1,2,0,,0,1,0,0,0,0,,,,,,,,,,,,,,,,,,,,,,
2026,2021039380,2026-09-05,2050423,代木 大和,Daimoku Yamato,25,投,1,1.0,0,0,0,0,0,0,0,0,0,0,,0,0,0,0,0,0,2,1.0,0.0,1,0,2.79,1.3333333333333333,1.1,,,0,1,0,0,0,,0,3,0,,6,22
2026,2021039380,2026-09-05,2100026,工藤 泰己,Kudou Yasushi Onore,35,投,6,1.0,0,0,0,0,0,0,0,0,0,0,,0,0,0,0,0,0,8,1.0,0.0,0,0,3.38,0.6666666666666666,0.2,,,0,2,1,1,0,,1,0,0,,5,11
2026,2021039380,2026-09-05,2105013,萩尾 匡也,,12,打,1,1.0,0,1,1,0,0,0,0,0,0,0,,0,1,0,0,0,0,,,,,,,,,,,,,,,,,,,,,,
2026,2021039380,2026-09-05,2106178,佐々木 俊輔,,44,右,1,1.0,1,6,4,0,1,1,0,0,1,1,,1,2,1,0,0,0,,,,,,,,,,,,,,,,,,,,,,
2026,2021039380,2026-09-05,2107887,辰見 鴻之介,,69,走,6,1.0,0,0,0,1,0,0,0,0,0,0,,0,0,0,0,0,0,,,,,,,,,,,,,,,,,,,,,,
2026,2021039380,2026-09-05,2108238,ターノック,Ta- Knock,42,投,6,1.0,0,0,0,0,0,0,0,0,0,0,,0,0,0,0,0,0,4,1.0,0.0,0,5,4.02,1.0,1.0,,,0,0,0,0,0,,1,3,0,,4,24
2026,2021039380,2026-09-05,2110422,勝田 成,,0,遊二,6,1.0,1,5,5,0,0,0,0,0,0,0,,0,1,0,0,0,0,,,,,,,,,,,,,,,,,,,,,,
2026,2021039380,2026-09-05,2112143,佐藤 啓介,,94,一,6,1.0,1,4,4,2,2,0,0,1,1,0,,0,1,0,0,0,0,,,,,,,,,,,,,,,,,,,,,,
2026,2021039380,2026-09-05,2114807,岡本 駿,Okamoto Shun,53,投,6,1.0,0,0,0,0,0,0,0,0,0,0,,0,0,0,0,0,0,7,1.0,0.0,7,7,4.25,1.3333333333333333,1.1,,,0,3,4,4,1,,1,2,0,,8,30
2026,2021039380,2026-09-05,2114882,ファビアン,,61,左,6,1.0,1,5,4,1,2,0,0,0,0,0,,1,0,0,0,0,0,,,,,,,,,,,,,,,,,,,,,,
2026,2021039380,2026-09-05,2116069,石塚 裕惺,,23,三,1,1.0,1,6,4,1,1,1,0,0,1,0,,2,1,0,0,0,1,,,,,,,,,,,,,,,,,,,,,,
2026,2021039380,2026-09-05,2121554,西川 篤夢,,54,走,6,1.0,0,0,0,0,0,0,0,0,0,0,,0,0,0,0,0,0,,,,,,,,,,,,,,,,,,,,,,
2026,2021039367,2026-09-06,900062,西 勇輝,Nishi Yuuki,16,投,5,1.0,1,1,0,0,0,0,0,0,0,0,,0,0,0,1,0,0,1,1.0,,3,4,3.29,3.3333333333333335,3.1,,,0,7,4,4,0,,3,3,0,,20,85
2026,2021039367,2026-09-06,1500087,坂本 誠志郎,,12,捕,5,1.0,1,4,4,0,0,0,0,0,0,0,,0,3,0,0,0,0,,,,,,,,,,,,,,,,,,,,,,
2026,2021039367,2026-09-06,1600113,大山 悠輔,,3,一,5,1.0,1,4,3,0,0,0,0,0,0,0,,1,0,0,0,0,0,,,,,,,,,,,,,,,,,,,,,,
2026,2021039367,2026-09-06,1700089,宮本 丈,,10,一,2,1.0,1,3,2,0,1,0,0,0,0,0,,0,0,1,0,0,0,,,,,,,,,,,,,,,,,,,,,,
2026,2021039367,2026-09-06,1700090,松本 直樹,,32,捕,2,1.0,1,4,3,1,1,0,0,0,1,0,,1,1,0,0,0,0,,,,,,,,,,,,,,,,,,,,,,
2026,2021039367,2026-09-06,1800033,清水 昇,Shimizu Noboru,17,投,2,1.0,0,0,0,0,0,0,0,0,0,0,,0,0,0,0,0,0,2,1.0,0.0,2,2,2.10,1.0,1.0,,,4,0,0,0,0,,0,1,0,,3,11
2026,2021039367,2026-09-06,1800065,近本 光司,,5,中,5,1.0,1,4,3,1,0,0,0,0,0,0,,1,1,0,0,0,0,,,,,,,,,,,,,,,,,,,,,,
2026,2021039367,2026-09-06,1850183,森下 翔太,,1,右,5,1.0,1,4,4,0,1,0,0,0,2,0,,0,2,0,0,0,0,,,,,,,,,,,,,,,,,,,,,,
2026,2021039367,2026-09-06,1900028,長岡 秀樹,,7,遊,2,1.0,1,5,3,1,0,0,0,0,0,0,,2,0,0,0,0,0,,,,,,,,,,,,,,,,,,,,,,
2026,2021039367,2026-09-06,1900029,武岡 龍世,,60,三,2,1.0,0,2,2,0,0,0,0,0,0,0,,0,1,0,0,0,0,,,,,,,,,,,,,,,,,,,,,,
2026,2021039367,2026-09-06,2000025,山野 太一,Yamano Taichi,26,投,2,1.0,1,3,2,0,1,0,0,0,0,0,,0,1,0,1,0,0,1,1.0,,10,3,2.13,7.0,7.0,,,0,2,2,2,0,,1,9,1,,25,123
2026,2021039367,2026-09-06,2000026,内山 壮真,,3,二,2,1.0,1,4,4,1,2,1,0,0,0,0,,0,0,0,0,0,0,,,,,,,,,,,,,,,,,,,,,,
2026,2021039367,2026-09-06,2000027,元山 飛優,,0,遊,5,1.0,1,3,2,1,0,0,0,0,0,0,,0,1,1,0,0,0,,,,,,,,,,,,,,,,,,,,,,
2026,2021039367,2026-09-06,2000028,並木 秀尊,,0,左,2,1.0,1,5,5,1,1,1,0,0,0,1,,0,1,0,0,0,0,,,,,,,,,,,,,,,,,,,,,,
2026,2021039367,2026-09-06,2000031,赤羽 由紘,,0,三一,2,1.0,1,4,4,0,0,0,0,0,0,0,,0,3,0,0,0,0,,,,,,,,,,,,,,,,,,,,,,
2026,2021039367,2026-09-06,2000051,佐藤 輝明,,8,三,5,1.0,1,4,4,1,1,0,0,1,1,0,,0,2,0,0,0,0,,,,,,,,,,,,,,,,,,,,,,
2026,2021039367,2026-09-06,2000056,中野 拓夢,,7,二,5,1.0,1,4,4,0,2,0,0,0,0,0,,0,1,0,0,0,0,,,,,,,,,,,,,,,,,,,,,,
2026,2021039367,2026-09-06,2000057,高寺 望夢,,67,打,5,1.0,0,1,1,0,0,0,0,0,0,0,,0,1,0,0,0,0,,,,,,,,,,,,,,,,,,,,,,
2026,2021039367,2026-09-06,2000135,サンタナ,,25,打,2,1.0,0,1,1,0,0,0,0,0,0,0,,0,0,0,0,0,0,,,,,,,,,,,,,,,,,,,,,,
2026,2021039367,2026-09-06,2102997,西村 瑠伊斗,,36,右,2,1.0,1,5,5,0,3,2,0,0,4,0,,0,0,0,0,0,0,,,,,,,,,,,,,,,,,,,,,,
2026,2021039367,2026-09-06,2103707,桐敷 拓馬,Kirishiki Takuma,47,投,5,1.0,0,0,0,0,0,0,0,0,0,0,,0,0,0,0,0,0,2,1.0,0.0,1,2,5.40,0.6666666666666666,0.2,,,1,0,0,0,0,,0,0,1,,3,8
2026,2021039367,2026-09-06,2103848,岡留 英貴,Okadome Hideki,64,投,5,1.0,0,0,0,0,0,0,0,0,0,0,,0,0,0,0,0,0,4,1.0,0.0,0,0,0.00,1.0,1.0,,,0,1,0,0,0,,1,2,0,,5,19
2026,2021039367,2026-09-06,2103917,岩田 幸宏,,64,中,2,1.0,1,4,3,1,2,0,0,0,0,3,,1,0,0,0,0,0,,,,,,,,,,,,,,,,,,,,,,
2026,2021039367,2026-09-06,2108124,セベリーノ,Seberiino,97,投,5,1.0,0,0,0,0,0,0,0,0,0,0,,0,0,0,0,0,0,3,1.0,0.0,0,0,3.46,2.0,2.0,,,0,2,1,1,0,,0,2,0,,8,32
2026,2021039367,2026-09-06,2108291,ウォルターズ,Orutaazu,58,投,2,1.0,0,0,0,0,0,0,0,0,0,0,,0,0,0,0,0,0,3,1.0,0.0,1,4,5.40,1.0,1.0,,,1,2,1,1,1,,1,1,0,,5,19
2026,2021039367,2026-09-06,2108545,神宮 僚介,Jinguu Ryou Suke,95,投,5,1.0,0,0,0,0,0,0,0,0,0,0,,0,0,0,0,0,0,5,1.0,0.0,0,0,2.08,1.0,1.0,,,0,1,0,0,0,,0,0,0,,4,18
2026,2021039367,2026-09-06,2110225,福島 圭音,,92,打,5,1.0,0,1,1,0,0,0,0,0,0,0,,0,0,0,0,0,0,,,,,,,,,,,,,,,,,,,,,,
2026,2021039367,2026-09-06,2117293,ディベイニー,,24,左,5,1.0,1,3,3,0,0,0,0,0,0,0,,0,0,0,0,0,0,,,,,,,,,,,,,,,,,,,,,,
2026,2021039379,2026-09-01,1000002,筒香 嘉智,,25,一,3,1.0,1,4,4,1,1,0,0,1,1,0,,0,1,0,0,0,0,,,,,,,,,,,,,,,,,,,,,,
2026,2021039379,2026-09-01,1200053,宮崎 敏郎,,51,三,3,1.0,1,4,4,0,1,1,0,0,2,0,,0,1,0,0,0,0,,,,,,,,,,,,,,,,,,,,,,
2026,2021039379,2026-09-01,1500087,坂本 誠志郎,,12,捕,5,1.0,1,4,4,0,0,0,0,0,0,0,,0,3,0,0,0,0,,,,,,,,,,,,,,,,,,,,,,
2026,2021039379,2026-09-01,1600089,佐野 恵太,,7,打,3,1.0,0,1,1,0,0,0,0,0,0,0,,0,0,0,0,0,0,,,,,,,,,,,,,,,,,,,,,,
2026,2021039379,2026-09-01,1600113,大山 悠輔,,3,一,5,1.0,1,4,4,0,0,0,0,0,0,0,,0,1,0,0,0,0,,,,,,,,,,,,,,,,,,,,,,
2026,2021039379,2026-09-01,1600116,浜地 真澄,Hamachi Masumi,52,投,3,1.0,0,0,0,0,0,0,0,0,0,0,,0,0,0,0,0,0,4,1.0,0.0,0,0,0.87,1.0,1.0,,,0,0,0,0,0,,0,0,0,,3,12
2026,2021039379,2026-09-01,1700067,中川 虎大,Nakagawa Toradai,64,投,3,1.0,0,0,0,0,0,0,0,0,0,0,,0,0,0,0,0,0,3,1.0,0.0,5,5,2.38,1.0,1.0,,,0,0,0,0,0,,0,0,0,,3,13
2026,2021039379,2026-09-01,1700134,尾形 崇斗,Ogata Takashi To,36,投,3,1.0,1,2,2,0,1,0,0,0,0,0,,0,0,0,0,0,0,1,1.0,,4,3,3.18,5.666666666666667,5.2,,,0,5,2,2,1,,2,5,0,,24,91
2026,2021039379,2026-09-01,1800065,近本 光司,,5,中,5,1.0,1,4,4,0,1,1,0,0,0,0,,0,0,0,0,0,0,,,,,,,,,,,,,,,,,,,,,,
2026,2021039379,2026-09-01,1850183,森下 翔太,,1,右,5,1.0,1,4,3,1,1,0,0,1,1,0,,1,1,0,0,0,0,,,,,,,,,,,,,,,,,,,,,,
2026,2021039379,2026-09-01,1850208,林 琢真,,0,遊三,3,1.0,1,4,4,0,2,2,0,0,0,0,,0,0,0,0,0,0,,,,,,,,,,,,,,,,,,,,,,
2026,2021039379,2026-09-01,1850873,度会 隆輝,,4,左,3,1.0,1,5,5,1,1,0,0,0,0,0,,0,2,0,0,0,0,,,,,,,,,,,,,,,,,,,,,,
2026,2021039379,2026-09-01,1900032,伊勢 大夢,Ise Taimu,13,投,3,1.0,0,0,0,0,0,0,0,0,0,0,,0,0,0,0,0,0,2,1.0,0.0,2,2,2.54,0.3333333333333333,0.1,,,0,0,0,0,0,,0,1,0,,1,4
2026,2021039379,2026-09-01,1900035,蝦名 達夫,,61,中,3,1.0,1,4,4,0,0,0,0,0,0,0,,0,0,0,0,0,0,,,,,,,,,,,,,,,,,,,,,,
2026,2021039379,2026-09-01,2000027,元山 飛優,,0,遊,5,1.0,1,3,2,1,1,0,0,0,0,0,,1,0,0,0,0,0,,,,,,,,,,,,,,,,,,,,,,
2026,2021039379,2026-09-01,2000035,牧 秀悟,,2,二,3,1.0,1,4,2,1,0,0,0,0,0,0,,1,0,1,0,0,0,,,,,,,,,,,,,,,,,,,,,,
2026,2021039379,2026-09-01,2000051,佐藤 輝明,,8,三,5,1.0,1,4,4,0,0,0,0,0,0,0,,0,2,0,0,0,0,,,,,,,,,,,,,,,,,,,,,,
2026,2021039379,2026-09-01,2000055,村上 頌樹,Murakami Shouju,41,投,5,1.0,1,2,0,0,0,0,0,0,0,0,,0,0,0,2,0,0,1,1.0,,10,7,1.93,7.0,7.0,,,0,6,3,3,1,,0,4,1,,28,109
2026,2021039379,2026-09-01,2000056,中野 拓夢,,7,二,5,1.0,1,4,4,0,0,0,0,0,1,0,,0,0,0,0,0,0,,,,,,,,,,,,,,,,,,,,,,
2026,2021039379,2026-09-01,2000057,高寺 望夢,,67,左,5,1.0,1,4,4,0,2,0,0,0,0,0,,0,0,0,0,0,0,,,,,,,,,,,,,,,,,,,,,,
2026,2021039379,2026-09-01,2000058,石井 大智,Ishii Taichi,69,投,5,1.0,0,0,0,0,0,0,0,0,0,0,,0,0,0,0,0,0,2,1.0,0.0,0,0,0.00,1.0,1.0,,,0,1,0,0,0,,1,1,0,,5,28
2026,2021039379,2026-09-01,2100014,宮下 朝陽,,34,遊,3,1.0,0,1,1,0,0,0,0,0,0,0,,0,1,0,0,0,0,,,,,,,,,,,,,,,,,,,,,,
2026,2021039379,2026-09-01,2100277,松尾 汐恩,,5,捕,3,1.0,1,4,3,0,0,0,0,0,0,0,,0,1,0,1,0,0,,,,,,,,,,,,,,,,,,,,,,
2026,2021039379,2026-09-01,2103848,岡留 英貴,Okadome Hideki,64,投,5,1.0,0,0,0,0,0,0,0,0,0,0,,0,0,0,0,0,0,3,1.0,0.0,0,0,0.00,0.6666666666666666,0.2,,,0,1,0,0,0,,0,1,0,,3,12
2026,2021039379,2026-09-01,2108124,セベリーノ,Seberiino,97,投,5,1.0,0,0,0,0,0,0,0,0,0,0,,0,0,0,0,0,0,4,1.0,0.0,0,0,3.38,0.3333333333333333,0.1,,,0,0,0,0,0,,0,1,0,,1,6
2026,2021039379,2026-09-01,2108195,エンカーナシオン,,69,右,3,1.0,1,4,4,0,2,0,0,0,0,0,,0,1,0,0,0,0,,,,,,,,,,,,,,,,,,,,,,
2026,2021039379,2026-09-01,2117293,ディベイニー,,24,打,5,1.0,0,1,1,0,0,0,0,0,0,0,,0,0,0,0,0,0,,,,,,,,,,,,,,,,,,,,,,
2026,2021039379,2026-09-01,2117433,レイノルズ,Reynolds,62,投,3,1.0,0,0,0,0,0,0,0,0,0,0,,0,0,0,0,0,0,5,1.0,0.0,4,1,1.35,1.0,1.0,,,13,0,0,0,0,,0,1,0,,3,17
2026,2021039364,2026-09-03,1300058,九里 亜蓮,Kyuu Ri ARen,22,,11,,,,,,,,,,,,,,,,,,,1,1.0,,8,10,3.20,5.0,5.0,,,0,5,3,3,1,,5,0,0,,24,106
2026,2021039364,2026-09-03,1300109,若月 健矢,,2,捕,11,1.0,1,4,3,0,1,1,0,0,0,0,,1,0,0,0,0,0,,,,,,,,,,,,,,,,,,,,,,
2026,2021039364,2026-09-03,1400196,宗 佑磨,,6,三,11,1.0,1,5,5,0,1,1,0,0,0,0,,0,2,0,0,0,0,,,,,,,,,,,,,,,,,,,,,,
2026,2021039364,2026-09-03,1500096,西川 龍馬,,7,指,11,1.0,1,5,5,0,0,0,0,0,0,0,,0,2,0,0,0,0,,,,,,,,,,,,,,,,,,,,,,
2026,2021039364,2026-09-03,1600004,堀内 謙伍,,65,捕,376,1.0,1,4,3,0,1,0,0,0,1,0,,0,0,0,0,1,0,,,,,,,,,,,,,,,,,,,,,,
2026,2021039364,2026-09-03,1600007,村林 一輝,,6,二三,376,1.0,1,4,3,1,0,0,0,0,0,1,,1,0,0,0,0,0,,,,,,,,,,,,,,,,,,,,,,
2026,2021039364,2026-09-03,1600092,藤平 尚真,Fujihira Shoushin,46,,376,,,,,,,,,,,,,,,,,,,4,1.0,0.0,0,2,2.37,1.0,1.0,,,23,1,0,0,0,,0,0,0,,4,15
2026,2021039364,2026-09-03,1600101,西口 直人,Nishiguchi Naoto,62,,376,,,,,,,,,,,,,,,,,,,2,1.0,0.0,0,0,0.00,1.0,1.0,,,0,1,0,0,0,,0,1,0,,4,12
2026,2021039364,2026-09-03,1750667,山中 稜真,,50,左,11,1.0,1,4,4,0,1,0,0,0,0,0,,0,1,0,0,0,0,,,,,,,,,,,,,,,,,,,,,,
2026,2021039364,2026-09-03,1751068,野口 智哉,,9,二,11,1.0,1,4,3,0,1,0,0,0,0,0,,1,2,0,0,0,1,,,,,,,,,,,,,,,,,,,,,,
2026,2021039364,2026-09-03,1800098,太田 椋,,1,一,11,1.0,1,4,4,0,1,0,0,0,0,0,,0,1,0,0,0,0,,,,,,,,,,,,,,,,,,,,,,
2026,2021039364,2026-09-03,1800104,中川 圭太,,67,打,11,1.0,0,1,1,0,1,0,0,0,0,0,,0,0,0,0,0,0,,,,,,,,,,,,,,,,,,,,,,
2026,2021039364,2026-09-03,1800117,辰己 涼介,,8,中,376,1.0,1,4,4,0,0,0,0,0,0,0,,0,1,0,0,0,0,,,,,,,,,,,,,,,,,,,,,,
2026,2021039364,2026-09-03,1800122,渡邊 佳明,,35,左,376,1.0,1,3,3,0,0,0,0,0,0,0,,0,0,0,0,0,0,,,,,,,,,,,,,,,,,,,,,,
2026,2021039364,2026-09-03,1851157,宗山 塁,,1,遊,376,1.0,1,4,3,2,3,0,0,2,4,0,,1,0,0,0,0,0,,,,,,,,,,,,,,,,,,,,,,
2026,2021039364,2026-09-03,1900088,紅林 弘太郎,,24,遊,11,1.0,1,4,3,0,0,0,0,0,0,0,,1,3,0,0,0,0,,,,,,,,,,,,,,,,,,,,,,
2026,2021039364,2026-09-03,1900112,小深田 大翔,,0,二,376,1.0,0,0,0,0,0,0,0,0,0,0,,0,0,0,0,0,0,,,,,,,,,,,,,,,,,,,,,,
2026,2021039364,2026-09-03,1900113,黒川 史陽,,24,三一,376,1.0,1,4,4,1,1,0,0,0,0,0,,0,1,0,0,0,0,,,,,,,,,,,,,,,,,,,,,,
2026,2021039364,2026-09-03,1950278,中島 大輔,,32,右,376,1.0,1,4,3,0,0,0,0,0,0,0,,1,1,0,0,0,0,,,,,,,,,,,,,,,,,,,,,,
2026,2021039364,2026-09-03,1950716,伊藤 樹,Itou Itsuki,20,,376,,,,,,,,,,,,,,,,,,,1,1.0,,2,0,3.46,6.0,6.0,,,0,4,0,0,0,,3,8,0,,25,103
2026,2021039364,2026-09-03,2000098,来田 涼斗,,38,右,11,1.0,1,4,4,1,2,0,0,1,1,0,,0,0,0,0,0,0,,,,,,,,,,,,,,,,,,,,,,
2026,2021039364,2026-09-03,2050019,片山 楽生,Katayama Rakusei,49,,11,,,,,,,,,,,,,,,,,,,4,1.0,0.0,2,1,3.69,1.0,1.0,,,0,0,1,0,0,,0,2,0,,4,20
2026,2021039364,2026-09-03,2103614,小森 航大郎,,73,左,376,1.0,0,1,1,0,0,0,0,0,0,0,,0,0,0,0,0,0,,,,,,,,,,,,,,,,,,,,,,
2026,2021039364,2026-09-03,2103710,古田島 成龍,Kotajima Sei Ryuu,35,,11,,,,,,,,,,,,,,,,,,,3,1.0,0.0,0,0,6.43,1.0,1.0,,,0,2,1,1,1,,0,1,0,,5,23
2026,2021039364,2026-09-03,2103713,権田 琉成,Gonda Ryuu Sei,98,,11,,,,,,,,,,,,,,,,,,,2,1.0,0.0,1,0,4.39,1.0,1.0,,,0,0,0,0,0,,0,0,0,,3,12
2026,2021039364,2026-09-03,2103740,YG安田,,55,一,376,1.0,1,4,2,1,0,0,0,0,0,0,,2,0,0,0,0,0,,,,,,,,,,,,,,,,,,,,,,
2026,2021039364,2026-09-03,2110153,麦谷 祐介,,8,中,11,1.0,1,3,3,0,0,0,0,0,0,0,,0,1,0,0,0,0,,,,,,,,,,,,,,,,,,,,,,
2026,2021039364,2026-09-03,2121018,九谷 瑠,Kutani ?,45,,376,,,,,,,,,,,,,,,,,,,3,1.0,0.0,1,1,2.29,1.0,1.0,,,0,2,1,1,1,,0,3,0,,5,20
2026,2021039364,2026-09-03,2122300,マッカスカー,,34,指,376,1.0,1,4,4,0,2,1,0,0,0,0,,0,0,0,0,0,0,,,,,,,,,,,,,,,,,,,,,,
2026,2021039374,2026-09-01,1000150,秋山 翔吾,,9,打,6,1.0,0,1,1,0,0,0,0,0,0,0,,0,0,0,0,0,0,,,,,,,,,,,,,,,,,,,,,,
2026,2021039374,2026-09-01,1100082,菊池 涼介,,33,二,6,1.0,1,4,4,0,0,0,0,0,0,0,,0,2,0,0,0,0,,,,,,,,,,,,,,,,,,,,,,
2026,2021039374,2026-09-01,1100095,松本 剛,,9,左,1,1.0,1,4,4,0,0,0,0,0,0,0,,0,1,0,0,0,0,,,,,,,,,,,,,,,,,,,,,,
2026,2021039374,2026-09-01,1300027,小林 誠司,,22,捕,1,1.0,0,0,0,0,0,0,0,0,0,0,,0,0,0,0,0,0,,,,,,,,,,,,,,,,,,,,,,
2026,2021039374,2026-09-01,1300057,大瀬良 大地,Oose Ryou Daichi,14,投,6,1.0,0,0,0,0,0,0,0,0,0,0,,0,0,0,0,0,0,2,1.0,0.0,0,2,7.71,1.0,1.0,,,0,0,0,0,0,,0,3,0,,3,16
2026,2021039374,2026-09-01,1400173,野間 峻祥,,37,打,6,1.0,0,1,1,0,0,0,0,0,0,0,,0,0,0,0,0,0,,,,,,,,,,,,,,,,,,,,,,
2026,2021039374,2026-09-01,1450977,森田 駿哉,Morita Shun kana,47,投,1,1.0,0,0,0,0,0,0,0,0,0,0,,0,0,0,0,0,0,3,1.0,0.0,0,0,3.06,0.3333333333333333,0.1,,,0,0,0,0,0,,0,0,0,,1,4
2026,2021039374,2026-09-01,1500052,中川 皓太,Nakagawa Kouta,41,投,1,1.0,0,0,0,0,0,0,0,0,0,0,,0,0,0,0,0,0,5,1.0,0.0,2,1,1.95,0.3333333333333333,0.1,,,0,0,0,0,0,,0,0,0,,1,1
2026,2021039374,2026-09-01,1561820,ダルベック,,29,一,1,1.0,1,4,4,0,1,0,0,0,1,0,,0,1,0,0,0,0,,,,,,,,,,,,,,,,,,,,,,
2026,2021039374,2026-09-01,1600124,坂倉 将吾,,31,三一,6,1.0,1,4,4,0,1,0,0,0,0,0,,0,1,0,0,0,0,,,,,,,,,,,,,,,,,,,,,,
2026,2021039374,2026-09-01,1700010,マルティネス,Marutinesu,92,投,1,1.0,0,0,0,0,0,0,0,0,0,0,,0,0,0,0,0,0,6,1.0,0.0,4,3,1.40,1.0,1.0,,,37,0,0,0,0,,0,2,0,,3,14
2026,2021039374,2026-09-01,1700027,田中 瑛斗,Tanaka Akira To,45,投,1,1.0,0,0,0,0,0,0,0,0,0,0,,0,0,0,0,0,0,4,1.0,0.0,2,3,1.74,0.6666666666666666,0.2,,,2,0,0,0,0,,1,1,0,,3,9
2026,2021039374,2026-09-01,1700044,大城 卓三,,24,捕,1,1.0,1,4,2,1,0,0,0,0,0,0,,2,0,0,0,0,0,,,,,,,,,,,,,,,,,,,,,,
2026,2021039374,2026-09-01,1700068,中村 奨成,,96,左,6,1.0,1,4,3,0,1,0,1,0,0,0,,1,0,0,0,0,0,,,,,,,,,,,,,,,,,,,,,,
2026,2021039374,2026-09-01,1700072,遠藤 淳志,Endou Atsushi,66,投,6,1.0,0,0,0,0,0,0,0,0,0,0,,0,0,0,0,0,0,3,1.0,0.0,4,2,2.08,1.0,1.0,,,0,0,0,0,0,,0,2,0,,3,15
2026,2021039374,2026-09-01,1750321,泉口 友汰,,35,遊,1,1.0,1,4,4,0,1,0,0,0,0,0,,0,1,0,0,0,1,,,,,,,,,,,,,,,,,,,,,,
2026,2021039374,2026-09-01,1800024,増田 陸,,61,一,1,1.0,0,0,0,0,0,0,0,0,0,0,,0,0,0,0,0,0,,,,,,,,,,,,,,,,,,,,,,
2026,2021039374,2026-09-01,1800079,大盛 穂,,59,中,6,1.0,1,4,4,0,0,0,0,0,0,0,,0,3,0,0,0,0,,,,,,,,,,,,,,,,,,,,,,
2026,2021039374,2026-09-01,1850405,名原 典彦,,92,走右,6,1.0,0,0,0,0,0,0,0,0,0,0,,0,0,0,0,0,0,,,,,,,,,,,,,,,,,,,,,,
2026,2021039374,2026-09-01,1900016,堀田 賢慎,Hotta Ken Makoto,91,投,1,1.0,0,0,0,0,0,0,0,0,0,0,,0,0,0,0,0,0,2,1.0,0.0,1,1,0.83,0.6666666666666666,0.2,,,0,2,1,1,0,,0,1,0,,4,9
2026,2021039374,2026-09-01,1900052,森下 暢仁,Morishita Tooru Hitoshi,18,投,6,1.0,1,1,1,0,0,0,0,0,0,0,,0,1,0,0,0,0,1,1.0,,6,10,3.83,6.0,6.0,,,0,4,3,2,0,,3,2,0,,24,109
2026,2021039374,2026-09-01,1900058,持丸 泰輝,,57,捕,6,1.0,1,4,4,0,0,0,0,0,0,0,,0,3,0,0,0,0,,,,,,,,,,,,,,,,,,,,,,
2026,2021039374,2026-09-01,1951153,浦田 俊輔,,32,二,1,1.0,1,4,4,1,1,0,0,0,0,1,,0,1,0,0,0,0,,,,,,,,,,,,,,,,,,,,,,
2026,2021039374,2026-09-01,1961927,モンテロ,,95,一,6,1.0,1,4,2,0,0,0,0,0,0,0,,2,1,0,0,0,1,,,,,,,,,,,,,,,,,,,,,,
2026,2021039374,2026-09-01,2000007,中山 礼都,,40,右,1,1.0,1,3,3,0,0,0,0,0,0,0,,0,1,0,0,0,0,,,,,,,,,,,,,,,,,,,,,,
2026,2021039374,2026-09-01,2050203,佐々木 泰,,10,右三,6,1.0,1,4,4,1,1,0,0,0,0,1,,0,2,0,0,0,0,,,,,,,,,,,,,,,,,,,,,,
2026,2021039374,2026-09-01,2105013,萩尾 匡也,,12,打,1,1.0,0,1,1,0,0,0,0,0,0,0,,0,1,0,0,0,0,,,,,,,,,,,,,,,,,,,,,,
2026,2021039374,2026-09-01,2106178,佐々木 俊輔,,44,中,1,1.0,1,3,2,0,0,0,0,0,0,0,,1,1,0,0,0,0,,,,,,,,,,,,,,,,,,,,,,
2026,2021039374,2026-09-01,2110422,勝田 成,,0,遊,6,1.0,1,3,3,0,1,0,1,0,1,0,,0,1,0,0,0,0,,,,,,,,,,,,,,,,,,,,,,
2026,2021039374,2026-09-01,2114807,岡本 駿,Okamoto Shun,53,投,6,1.0,0,0,0,0,0,0,0,0,0,0,,0,0,0,0,0,0,4,1.0,0.0,7,6,3.95,1.0,1.0,,,0,0,0,0,0,,0,1,0,,3,12
2026,2021039374,2026-09-01,2116069,石塚 裕惺,,23,三,1,1.0,1,4,4,1,1,1,0,0,1,0,,0,1,0,0,0,0,,,,,,,,,,,,,,,,,,,,,,
2026,2021039374,2026-09-01,2118993,竹丸 和幸,Takemaru Kazuyuki,21,投,1,1.0,1,2,2,0,0,0,0,0,0,0,,0,0,0,0,0,0,1,1.0,,9,9,3.72,6.0,6.0,,,0,2,0,0,0,,2,10,0,,22,103
2026,2021039389,2026-09-05,800081,中村 晃,,7,打,12,1.0,0,1,1,0,0,0,0,0,0,0,,0,0,0,0,0,0,,,,,,,,,,,,,,,,,,,,,,
2026,2021039389,2026-09-05,1000128,柳田 悠岐,,9,指,12,1.0,1,4,4,0,2,0,0,0,0,0,,0,2,0,0,0,0,,,,,,,,,,,,,,,,,,,,,,
2026,2021039389,2026-09-05,1000175,牧原 大成,,8,二,12,1.0,1,4,4,0,1,0,0,0,0,0,,0,0,0,0,0,0,,,,,,,,,,,,,,,,,,,,,,
2026,2021039389,2026-09-05,1100061,桑原 将志,,7,左,7,1.0,1,4,4,0,0,0,0,0,0,0,,0,0,0,0,0,0,,,,,,,,,,,,,,,,,,,,,,
2026,2021039389,2026-09-05,1100097,近藤 健介,,3,左,12,1.0,1,5,4,1,2,1,0,0,1,0,,1,0,0,0,0,0,,,,,,,,,,,,,,,,,,,,,,
2026,2021039389,2026-09-05,1400127,栗原 陵矢,,24,三,12,1.0,1,5,5,0,2,2,0,0,0,0,,0,1,0,0,0,0,,,,,,,,,,,,,,,,,,,,,,
2026,2021039389,2026-09-05,1600129,源田 壮亮,,6,遊,7,1.0,1,4,3,1,2,1,0,0,0,0,,1,0,0,0,0,0,,,,,,,,,,,,,,,,,,,,,,
2026,2021039389,2026-09-05,1600151,黒木 優太,Kuroki Yuuta,54,,7,,,,,,,,,,,,,,,,,,,4,1.0,0.0,1,0,1.00,1.0,1.0,,,0,1,0,0,0,,1,1,0,,4,14
2026,2021039389,2026-09-05,1660299,林 安可,,73,指,7,1.0,1,5,5,1,2,0,0,1,1,0,,0,1,0,0,0,0,,,,,,,,,,,,,,,,,,,,,,
2026,2021039389,2026-09-05,1700066,山本 祐大,,39,捕,12,1.0,1,4,3,0,0,0,0,0,1,0,,1,2,0,0,0,0,,,,,,,,,,,,,,,,,,,,,,
2026,2021039389,2026-09-05,1700135,周東 佑京,,23,中,12,1.0,1,5,4,1,2,1,0,0,0,0,,1,0,0,0,0,0,,,,,,,,,,,,,,,,,,,,,,
2026,2021039389,2026-09-05,1800043,上茶谷 大河,Ue Chatani Taiga,64,,12,,,,,,,,,,,,,,,,,,,1,1.0,,8,2,2.96,6.0,6.0,,,1,7,5,5,2,,2,4,1,,28,108
2026,2021039389,2026-09-05,1800106,甲斐野 央,Kainoya Ou,34,,7,,,,,,,,,,,,,,,,,,,5,1.0,0.0,2,2,1.89,1.0,1.0,,,19,2,1,1,0,,0,1,0,,5,19
2026,2021039389,2026-09-05,1900104,柳町 達,,32,右,12,1.0,1,4,3,0,0,0,0,0,0,0,,1,0,0,0,0,0,,,,,,,,,,,,,,,,,,,,,,
2026,2021039389,2026-09-05,1950149,庄子 雄大,,25,遊,12,1.0,1,3,3,0,1,0,0,0,0,1,,0,1,0,0,0,0,,,,,,,,,,,,,,,,,,,,,,
2026,2021039389,2026-09-05,1950417,渡部 聖弥,,8,三,7,1.0,1,4,3,0,0,0,0,0,0,0,,1,1,0,0,0,0,,,,,,,,,,,,,,,,,,,,,,
2026,2021039389,2026-09-05,2000008,伊藤 優輔,Itou Yuusuke,42,,12,,,,,,,,,,,,,,,,,,,2,1.0,0.0,1,0,1.69,1.0,1.0,,,0,2,0,0,0,,0,1,0,,5,18
2026,2021039389,2026-09-05,2000063,小林 樹斗,Kobayashiju To,95,,12,,,,,,,,,,,,,,,,,,,3,1.0,0.0,0,0,4.66,2.0,2.0,,,0,2,0,0,0,,1,1,0,,9,35
2026,2021039389,2026-09-05,2000075,長谷川 信哉,,63,中,7,1.0,1,5,4,0,0,0,0,0,0,0,,0,2,1,0,0,0,,,,,,,,,,,,,,,,,,,,,,
2026,2021039389,2026-09-05,2050145,小島 大河,,10,捕,7,1.0,1,5,5,1,4,1,0,1,4,0,,0,0,0,0,0,0,,,,,,,,,,,,,,,,,,,,,,
2026,2021039389,2026-09-05,2101047,ネビン,,26,一,7,1.0,1,5,5,0,2,0,0,0,0,0,,0,0,0,0,0,0,,,,,,,,,,,,,,,,,,,,,,
2026,2021039389,2026-09-05,2103618,滝澤 夏央,,62,二,7,1.0,1,5,4,0,0,0,0,0,0,0,,0,1,0,1,0,0,,,,,,,,,,,,,,,,,,,,,,
2026,2021039389,2026-09-05,2103714,佐藤 隼輔,Satou Shun Tasuku,19,,7,,,,,,,,,,,,,,,,,,,3,1.0,0.0,4,1,4.26,0.3333333333333333,0.1,,,1,0,0,0,0,,0,0,0,,1,1
2026,2021039389,2026-09-05,2103735,正木 智也,,31,一,12,1.0,1,5,3,0,0,0,0,0,0,0,,2,0,0,0,0,0,,,,,,,,,,,,,,,,,,,,,,
2026,2021039389,2026-09-05,2105080,武内 夏暉,Takeuchi Natsu Akira,21,,7,,,,,,,,,,,,,,,,,,,1,1.0,,11,6,2.71,6.0,6.0,,,0,6,1,1,0,,3,3,0,,25,94
2026,2021039389,2026-09-05,2117028,カナリオ,,25,右,7,1.0,1,5,4,2,1,0,0,0,0,0,,1,1,0,0,0,0,,,,,,,,,,,,,,,,,,,,,,
2026,2021039389,2026-09-05,2117734,篠原 響,Shinoharakyou,52,,7,,,,,,,,,,,,,,,,,,,2,1.0,0.0,2,2,1.72,0.6666666666666666,0.2,,,1,1,0,0,0,,2,1,0,,5,23
2026,2021039365,2026-09-02,1100061,桑原 将志,,7,左,7,1.0,1,3,2,0,1,0,0,0,0,0,,0,0,1,0,0,0,,,,,,,,,,,,,,,,,,,,,,
2026,2021039365,2026-09-02,1400184,外崎 修汰,,5,二,7,1.0,1,3,3,0,0,0,0,0,0,0,,0,1,0,0,0,0,,,,,,,,,,,,,,,,,,,,,,
2026,2021039365,2026-09-02,1500102,愛斗,,50,中,9,1.0,0,0,0,0,0,0,0,0,0,0,,0,0,0,0,0,0,,,,,,,,,,,,,,,,,,,,,,
2026,2021039365,2026-09-02,1500141,茶谷 健太,,67,遊,9,1.0,1,2,2,0,0,0,0,0,0,0,,0,1,0,0,0,0,,,,,,,,,,,,,,,,,,,,,,
2026,2021039365,2026-09-02,1660299,林 安可,,73,指,7,1.0,1,3,3,0,0,0,0,0,0,0,,0,1,0,0,0,0,,,,,,,,,,,,,,,,,,,,,,
2026,2021039365,2026-09-02,1700034,山崎 剛,,38,遊,9,1.0,0,1,1,0,0,0,0,0,0,0,,0,0,0,0,0,0,,,,,,,,,,,,,,,,,,,,,,
2026,2021039365,2026-09-02,1700092,安田 尚憲,,5,指,9,1.0,1,3,3,0,1,0,0,0,1,0,,0,2,0,0,0,0,,,,,,,,,,,,,,,,,,,,,,
2026,2021039365,2026-09-02,1700124,平良 海馬,Hirara Kaiba,61,,7,,,,,,,,,,,,,,,,,,,1,1.0,,10,4,1.45,7.0,7.0,,,0,6,1,1,0,,0,8,1,,27,100
2026,2021039365,2026-09-02,1800050,藤原 恭大,,1,中右,9,1.0,1,4,4,1,1,0,0,0,0,0,,0,2,0,0,0,0,,,,,,,,,,,,,,,,,,,,,,
2026,2021039365,2026-09-02,1800053,山口 航輝,,51,左,9,1.0,1,4,4,0,1,0,0,0,0,0,,0,2,0,0,0,0,,,,,,,,,,,,,,,,,,,,,,
2026,2021039365,2026-09-02,1800085,森脇 亮介,Moriwaki Ryousuke,28,,7,,,,,,,,,,,,,,,,,,,2,1.0,0.0,1,1,2.40,1.0,1.0,,,0,0,0,0,0,,0,1,0,,3,8
2026,2021039365,2026-09-02,1850947,上田 希由翔,,10,一,9,1.0,1,3,3,0,0,0,0,0,0,0,,0,1,0,0,0,0,,,,,,,,,,,,,,,,,,,,,,
2026,2021039365,2026-09-02,1900081,佐藤 都志也,,32,捕,9,1.0,1,3,2,0,1,0,0,0,0,0,,0,0,1,0,0,0,,,,,,,,,,,,,,,,,,,,,,
2026,2021039365,2026-09-02,1900083,横山 陸人,Yokoyama Rikunin,15,,9,,,,,,,,,,,,,,,,,,,3,1.0,0.0,1,2,1.79,1.0,1.0,,,31,0,0,0,0,,0,1,0,,3,14
2026,2021039365,2026-09-02,1950286,西川 史礁,,6,右左,9,1.0,1,4,4,0,0,0,0,0,0,0,,0,0,0,0,0,0,,,,,,,,,,,,,,,,,,,,,,
2026,2021039365,2026-09-02,1950417,渡部 聖弥,,8,三,7,1.0,1,4,3,0,0,0,0,0,0,0,,1,2,0,0,0,0,,,,,,,,,,,,,,,,,,,,,,
2026,2021039365,2026-09-02,2000075,長谷川 信哉,,63,中,7,1.0,1,4,4,0,0,0,0,0,0,0,,0,3,0,0,0,0,,,,,,,,,,,,,,,,,,,,,,
2026,2021039365,2026-09-02,2000087,鈴木 昭汰,Suzuki Akira ?,47,,9,,,,,,,,,,,,,,,,,,,2,1.0,0.0,6,2,2.47,1.0,1.0,,,1,1,0,0,0,,0,0,0,,4,7
2026,2021039365,2026-09-02,2000089,小川 龍成,,57,二,9,1.0,1,3,3,0,2,0,1,0,0,0,,0,0,0,0,0,0,,,,,,,,,,,,,,,,,,,,,,
2026,2021039365,2026-09-02,2050145,小島 大河,,10,捕,7,1.0,1,4,4,0,0,0,0,0,0,0,,0,0,0,0,0,0,,,,,,,,,,,,,,,,,,,,,,
2026,2021039365,2026-09-02,2101047,ネビン,,26,一,7,1.0,1,4,4,0,1,0,0,0,0,0,,0,0,0,0,0,0,,,,,,,,,,,,,,,,,,,,,,
2026,2021039365,2026-09-02,2102926,寺地 隆成,,65,三,9,1.0,1,3,3,0,0,0,0,0,0,0,,0,1,0,0,0,0,,,,,,,,,,,,,,,,,,,,,,
2026,2021039365,2026-09-02,2103618,滝澤 夏央,,62,遊,7,1.0,1,3,1,0,0,0,0,0,0,0,,1,0,0,1,0,0,,,,,,,,,,,,,,,,,,,,,,
2026,2021039365,2026-09-02,2103693,池田 来翔,,0,一,9,1.0,0,0,0,0,0,0,0,0,0,0,,0,0,0,0,0,0,,,,,,,,,,,,,,,,,,,,,,
2026,2021039365,2026-09-02,2105534,高野 脩汰,Takano Osamu ?,34,,9,,,,,,,,,,,,,,,,,,,1,1.0,,2,3,3.14,7.0,7.0,,,0,2,0,0,0,,2,8,1,,25,98
2026,2021039365,2026-09-02,2117028,カナリオ,,25,右,7,1.0,1,4,4,0,1,0,0,0,0,0,,0,2,0,0,0,0,,,,,,,,,,,,,,,,,,,,,,
2026,2021039388,2026-09-01,1300109,若月 健矢,,2,捕,11,1.0,1,3,3,0,0,0,0,0,0,0,,0,0,0,0,0,0,,,,,,,,,,,,,,,,,,,,,,
2026,2021039388,2026-09-01,1400196,宗 佑磨,,6,三,11,1.0,1,4,3,0,0,0,0,0,0,0,,1,1,0,0,0,0,,,,,,,,,,,,,,,,,,,,,,
2026,2021039388,2026-09-01,1500096,西川 龍馬,,7,指,11,1.0,1,4,3,0,0,0,0,0,0,0,,1,1,0,0,0,0,,,,,,,,,,,,,,,,,,,,,,
2026,2021039388,2026-09-01,1500102,愛斗,,50,走中,9,1.0,0,0,0,0,0,0,0,0,0,1,,0,0,0,0,0,0,,,,,,,,,,,,,,,,,,,,,,
2026,2021039388,2026-09-01,1500128,大城 滉二,,10,二,11,1.0,1,4,4,0,1,0,0,0,0,0,,0,2,0,0,0,0,,,,,,,,,,,,,,,,,,,,,,
2026,2021039388,2026-09-01,1700034,山崎 剛,,38,遊,9,1.0,1,4,2,1,0,0,0,0,0,1,,1,0,1,0,0,0,,,,,,,,,,,,,,,,,,,,,,
2026,2021039388,2026-09-01,1700109,田嶋 大樹,Tajima Daiki,29,,11,,,,,,,,,,,,,,,,,,,2,1.0,0.0,2,5,6.15,1.0,1.0,,,0,1,0,0,0,,0,1,0,,4,16
2026,2021039388,2026-09-01,1750595,曽谷 龍平,So Tani Ryuuhei,17,,11,,,,,,,,,,,,,,,,,,,1,1.0,,5,7,4.05,5.0,5.0,,,0,6,3,3,1,,2,3,1,,21,91
2026,2021039388,2026-09-01,1800050,藤原 恭大,,1,中右,9,1.0,1,4,4,0,2,0,1,0,1,0,,0,0,0,0,0,0,,,,,,,,,,,,,,,,,,,,,,
2026,2021039388,2026-09-01,1800053,山口 航輝,,51,指,9,1.0,1,4,3,0,0,0,0,0,0,0,,1,2,0,0,0,0,,,,,,,,,,,,,,,,,,,,,,
2026,2021039388,2026-09-01,1800098,太田 椋,,1,一,11,1.0,1,4,4,0,0,0,0,0,0,0,,0,0,0,0,0,0,,,,,,,,,,,,,,,,,,,,,,
2026,2021039388,2026-09-01,1860063,ルケーシー,Rukeeshii,48,,9,,,,,,,,,,,,,,,,,,,1,1.0,,1,0,1.64,7.0,7.0,,,0,1,0,0,0,,4,4,0,,27,103
2026,2021039388,2026-09-01,1900045,井上 広大,,39,左,9,1.0,1,4,3,1,2,1,0,1,1,0,,1,1,0,0,0,0,,,,,,,,,,,,,,,,,,,,,,
2026,2021039388,2026-09-01,1900081,佐藤 都志也,,32,捕,9,1.0,1,4,4,0,1,0,0,0,0,0,,0,1,0,0,0,0,,,,,,,,,,,,,,,,,,,,,,
2026,2021039388,2026-09-01,1900083,横山 陸人,Yokoyama Rikunin,15,,9,,,,,,,,,,,,,,,,,,,3,1.0,0.0,1,2,1.90,1.0,1.0,,,32,1,0,0,0,,0,2,0,,4,22
2026,2021039388,2026-09-01,1900088,紅林 弘太郎,,24,遊,11,1.0,1,4,3,0,0,0,0,0,0,0,,1,0,0,0,0,0,,,,,,,,,,,,,,,,,,,,,,
2026,2021039388,2026-09-01,1950286,西川 史礁,,6,右左,9,1.0,1,4,4,0,1,0,0,0,1,0,,0,0,0,0,0,0,,,,,,,,,,,,,,,,,,,,,,
2026,2021039388,2026-09-01,2000087,鈴木 昭汰,Suzuki Akira ?,47,,9,,,,,,,,,,,,,,,,,,,2,1.0,0.0,6,2,2.36,1.0,1.0,,,1,1,0,0,0,,0,0,0,,3,19
2026,2021039388,2026-09-01,2000089,小川 龍成,,57,二,9,1.0,1,4,4,0,0,0,0,0,0,0,,0,0,0,0,0,1,,,,,,,,,,,,,,,,,,,,,,
2026,2021039388,2026-09-01,2000098,来田 涼斗,,38,右,11,1.0,1,4,4,0,1,0,0,0,0,0,,0,1,0,0,0,0,,,,,,,,,,,,,,,,,,,,,,
2026,2021039388,2026-09-01,2050019,片山 楽生,Katayama Rakusei,49,,11,,,,,,,,,,,,,,,,,,,5,1.0,0.0,2,1,3.51,1.0,1.0,,,0,1,0,0,0,,0,0,0,,4,19
2026,2021039388,2026-09-01,2050254,池田 陵真,,39,左,11,1.0,1,4,3,0,0,0,0,0,0,0,,1,1,0,0,0,0,,,,,,,,,,,,,,,,,,,,,,
2026,2021039388,2026-09-01,2102926,寺地 隆成,,65,三,9,1.0,1,4,4,1,2,0,0,0,0,0,,0,0,0,0,0,0,,,,,,,,,,,,,,,,,,,,,,
2026,2021039388,2026-09-01,2103693,池田 来翔,,0,一,9,1.0,1,4,4,0,0,0,0,0,0,0,,0,1,0,0,0,0,,,,,,,,,,,,,,,,,,,,,,
2026,2021039388,2026-09-01,2103710,古田島 成龍,Kotajima Sei Ryuu,35,,11,,,,,,,,,,,,,,,,,,,4,1.0,0.0,0,0,5.63,1.0,1.0,,,0,0,0,0,0,,0,0,0,,3,9
2026,2021039388,2026-09-01,2103713,権田 琉成,Gonda Ryuu Sei,98,,11,,,,,,,,,,,,,,,,,,,3,1.0,0.0,1,0,3.94,1.0,1.0,,,0,0,0,0,0,,1,1,0,,4,17
2026,2021039388,2026-09-01,2110153,麦谷 祐介,,8,中,11,1.0,1,3,3,0,1,0,0,0,0,0,,0,0,0,0,0,0,,,,,,,,,,,,,,,,,,,,,,
2026,2021039369,2026-09-04,1000128,柳田 悠岐,,9,指,12,1.0,1,5,5,0,0,0,0,0,0,0,,0,2,0,0,0,0,,,,,,,,,,,,,,,,,,,,,,
2026,2021039369,2026-09-04,1000164,島本 浩也,Shimamoto Kouya,40,,8,,,,,,,,,,,,,,,,,,,3,1.0,0.0,2,3,2.43,1.0,1.0,,,2,0,0,0,0,,1,1,1,,5,25
2026,2021039369,2026-09-04,1000175,牧原 大成,,8,二,12,1.0,1,4,2,0,0,0,0,0,1,1,,0,0,1,1,0,0,,,,,,,,,,,,,,,,,,,,,,
2026,2021039369,2026-09-04,1100097,近藤 健介,,3,左,12,1.0,1,5,3,0,0,0,0,0,0,0,,2,1,0,0,0,0,,,,,,,,,,,,,,,,,,,,,,
2026,2021039369,2026-09-04,1100099,上沢 直之,Kamisawa Naoyuki,10,,12,,,,,,,,,,,,,,,,,,,1,1.0,,7,4,2.53,8.0,8.0,,,0,7,1,1,1,,3,10,0,,33,123
2026,2021039369,2026-09-04,1400126,松本 裕樹,Matsumoto Yuuki,66,,12,,,,,,,,,,,,,,,,,,,2,1.0,0.0,4,4,2.22,1.0,1.0,,,4,0,0,0,0,,0,1,0,,3,11
2026,2021039369,2026-09-04,1400127,栗原 陵矢,,24,三,12,1.0,1,5,5,0,0,0,0,0,0,0,,0,2,0,0,0,0,,,,,,,,,,,,,,,,,,,,,,
2026,2021039369,2026-09-04,1500140,谷川原 健太,,45,走右,12,1.0,0,0,0,0,0,0,0,0,0,1,,0,0,0,0,0,0,,,,,,,,,,,,,,,,,,,,,,
2026,2021039369,2026-09-04,1500143,川瀬 晃,,0,打遊,12,1.0,0,2,2,0,0,0,0,0,0,0,,0,1,0,0,0,0,,,,,,,,,,,,,,,,,,,,,,
2026,2021039369,2026-09-04,1650813,川村 友斗,,61,走右左,12,1.0,0,2,2,0,0,0,0,0,0,0,,0,0,0,0,0,0,,,,,,,,,,,,,,,,,,,,,,
2026,2021039369,2026-09-04,1700025,清宮 幸太郎,,21,一,8,1.0,1,5,4,0,0,0,0,0,0,0,,1,2,0,0,0,0,,,,,,,,,,,,,,,,,,,,,,
2026,2021039369,2026-09-04,1700066,山本 祐大,,39,捕,12,1.0,1,5,4,1,1,0,0,0,0,0,,1,0,0,0,0,0,,,,,,,,,,,,,,,,,,,,,,
2026,2021039369,2026-09-04,1700135,周東 佑京,,23,中,12,1.0,1,5,5,0,0,0,0,0,0,0,,0,3,0,0,0,0,,,,,,,,,,,,,,,,,,,,,,
2026,2021039369,2026-09-04,1800091,野村 佑希,,5,打,8,1.0,0,1,1,0,0,0,0,0,0,0,,0,0,0,0,0,0,,,,,,,,,,,,,,,,,,,,,,
2026,2021039369,2026-09-04,1800095,田宮 裕涼,,64,捕,8,1.0,1,5,5,1,1,0,0,1,1,0,,0,0,0,0,0,0,,,,,,,,,,,,,,,,,,,,,,
2026,2021039369,2026-09-04,1800107,杉山 一樹,Sugiyama Kazuki,40,,12,,,,,,,,,,,,,,,,,,,5,1.0,0.0,1,2,3.07,1.0,1.0,,,27,0,0,0,0,,0,1,0,,3,8
2026,2021039369,2026-09-04,1800110,水谷 瞬,,53,右左,8,1.0,1,4,4,0,0,0,0,0,0,0,,0,1,0,0,0,0,,,,,,,,,,,,,,,,,,,,,,
2026,2021039369,2026-09-04,1851204,水野 達稀,,43,遊,8,1.0,1,5,5,0,1,0,0,0,0,0,,0,2,0,0,0,0,,,,,,,,,,,,,,,,,,,,,,
2026,2021039369,2026-09-04,1860140,レイエス,,99,指,8,1.0,1,5,4,0,3,0,0,0,0,0,,1,0,0,0,0,0,,,,,,,,,,,,,,,,,,,,,,
2026,2021039369,2026-09-04,1900040,郡司 裕也,,3,打,8,1.0,0,1,1,0,0,0,0,0,0,0,,0,0,0,0,0,0,,,,,,,,,,,,,,,,,,,,,,
2026,2021039369,2026-09-04,1900102,津森 宥紀,Tsumori ??,11,,12,,,,,,,,,,,,,,,,,,,3,1.0,0.0,2,0,1.37,1.0,1.0,,,1,0,0,0,0,,1,1,0,,4,15
2026,2021039369,2026-09-04,1900104,柳町 達,,32,右,12,1.0,1,3,3,0,1,1,0,0,0,0,,0,2,0,0,0,0,,,,,,,,,,,,,,,,,,,,,,
2026,2021039369,2026-09-04,1950149,庄子 雄大,,25,遊,12,1.0,1,2,2,0,0,0,0,0,0,0,,0,0,0,0,0,0,,,,,,,,,,,,,,,,,,,,,,
2026,2021039369,2026-09-04,1961052,ヘルナンデス,Herunandesu,63,,12,,,,,,,,,,,,,,,,,,,4,1.0,0.0,0,2,1.60,1.0,1.0,,,0,0,0,0,0,,0,0,0,,3,11
2026,2021039369,2026-09-04,2000080,五十幡 亮汰,,50,中,8,1.0,0,2,1,0,0,0,0,0,0,0,,1,1,0,0,0,0,,,,,,,,,,,,,,,,,,,,,,
2026,2021039369,2026-09-04,2000082,細川 凌平,,56,右,8,1.0,0,1,1,0,0,0,0,0,0,0,,0,0,0,0,0,0,,,,,,,,,,,,,,,,,,,,,,
2026,2021039369,2026-09-04,2000084,今川 優馬,,61,左,8,1.0,1,3,3,0,1,1,0,0,0,0,,0,1,0,0,0,0,,,,,,,,,,,,,,,,,,,,,,
2026,2021039369,2026-09-04,2050143,大塚 瑠晏,,49,二三,8,1.0,1,5,4,0,0,0,0,0,0,0,,1,3,0,0,0,0,,,,,,,,,,,,,,,,,,,,,,
2026,2021039369,2026-09-04,2050307,達 孝太,Tooru Kouta,16,,8,,,,,,,,,,,,,,,,,,,1,1.0,,4,6,2.78,8.0,8.0,,,2,2,1,1,0,,2,10,0,,28,123
2026,2021039369,2026-09-04,2100027,福島 蓮,Fukushima Ren,45,,8,,,,,,,,,,,,,,,,,,,4,1.0,0.0,5,4,3.74,1.0,1.0,,,0,0,0,0,0,,0,0,0,,3,12
2026,2021039369,2026-09-04,2103603,有薗 直輝,,39,三,8,1.0,1,3,3,0,1,0,0,0,0,0,,0,2,0,0,0,0,,,,,,,,,,,,,,,,,,,,,,
2026,2021039369,2026-09-04,2103735,正木 智也,,31,一,12,1.0,1,5,4,0,0,0,0,0,0,0,,1,2,0,0,0,0,,,,,,,,,,,,,,,,,,,,,,
2026,2021039369,2026-09-04,2106890,孫 易磊,Son Osamu Rai,96,,8,,,,,,,,,,,,,,,,,,,2,1.0,0.0,2,1,2.25,2.0,2.0,,,0,0,0,0,0,,1,2,0,,7,25
2026,2021039369,2026-09-04,2108090,カストロ,,6,中右左,8,1.0,1,5,5,0,0,0,0,0,0,0,,0,1,0,0,0,0,,,,,,,,,,,,,,,,,,,,,,
2026,2021039369,2026-09-04,2114529,山縣 秀,,54,二,8,1.0,0,1,1,0,0,0,0,0,0,0,,0,0,0,0,0,0,,,,,,,,,,,,,,,,,,,,,,
2026,2021039370,2026-09-01,800080,岩嵜 翔,Iwa ? Shou,40,,11,,,,,,,,,,,,,,,,,,,1,1.0,,0,2,6.23,2.0,2.0,,,0,1,0,0,0,,0,2,0,,7,28
2026,2021039370,2026-09-01,1300109,若月 健矢,,2,捕,11,1.0,1,3,3,0,1,0,0,0,0,0,,0,1,0,0,0,0,,,,,,,,,,,,,,,,,,,,,,
2026,2021039370,2026-09-01,1400201,西野 真弘,,5,打,11,1.0,0,1,1,0,0,0,0,0,0,0,,0,0,0,0,0,0,,,,,,,,,,,,,,,,,,,,,,
2026,2021039370,2026-09-01,1500096,西川 龍馬,,7,指,11,1.0,1,4,4,0,1,1,0,0,0,0,,0,1,0,0,0,0,,,,,,,,,,,,,,,,,,,,,,
2026,2021039370,2026-09-01,1600007,村林 一輝,,6,三,376,1.0,1,4,4,0,0,0,0,0,0,0,,0,1,0,0,0,0,,,,,,,,,,,,,,,,,,,,,,
2026,2021039370,2026-09-01,1600150,山岡 泰輔,Yamaoka Yasusuke,19,,11,,,,,,,,,,,,,,,,,,,3,1.0,0.0,0,0,6.23,1.3333333333333333,1.1,,,1,0,0,0,0,,0,4,0,,4,20
2026,2021039370,2026-09-01,1750667,山中 稜真,,50,一,11,1.0,1,3,3,0,0,0,0,0,0,0,,0,1,0,0,0,0,,,,,,,,,,,,,,,,,,,,,,
2026,2021039370,2026-09-01,1751068,野口 智哉,,9,三,11,1.0,1,3,3,0,0,0,0,0,0,0,,0,1,0,0,0,0,,,,,,,,,,,,,,,,,,,,,,
2026,2021039370,2026-09-01,1800098,太田 椋,,1,二,11,1.0,1,4,4,0,2,0,0,0,0,0,,0,1,0,0,0,0,,,,,,,,,,,,,,,,,,,,,,
2026,2021039370,2026-09-01,1800101,富山 凌雅,Toyama Ryou Tadashi,28,,11,,,,,,,,,,,,,,,,,,,2,1.0,0.0,0,1,3.12,0.6666666666666666,0.2,,,0,4,2,2,0,,0,0,0,,6,20
2026,2021039370,2026-09-01,1800104,中川 圭太,,67,左,11,1.0,1,4,4,0,1,0,0,0,0,0,,0,0,0,0,0,0,,,,,,,,,,,,,,,,,,,,,,
2026,2021039370,2026-09-01,1800117,辰己 涼介,,8,指,376,1.0,1,4,4,0,0,0,0,0,0,0,,0,1,0,0,0,0,,,,,,,,,,,,,,,,,,,,,,
2026,2021039370,2026-09-01,1800118,太田 光,,2,捕,376,1.0,1,3,3,1,1,0,0,0,0,0,,0,1,0,0,0,0,,,,,,,,,,,,,,,,,,,,,,
2026,2021039370,2026-09-01,1851157,宗山 塁,,1,遊,376,1.0,1,4,3,1,1,1,0,0,0,0,,1,0,0,0,0,0,,,,,,,,,,,,,,,,,,,,,,
2026,2021039370,2026-09-01,1900088,紅林 弘太郎,,24,遊,11,1.0,1,4,4,0,0,0,0,0,0,0,,0,2,0,0,0,0,,,,,,,,,,,,,,,,,,,,,,
2026,2021039370,2026-09-01,1950205,吉納 翼,,36,右,376,1.0,1,3,3,0,0,0,0,0,0,0,,0,2,0,0,0,0,,,,,,,,,,,,,,,,,,,,,,
2026,2021039370,2026-09-01,1950278,中島 大輔,,32,中,376,1.0,1,4,3,1,0,0,0,0,0,0,,0,1,0,1,0,0,,,,,,,,,,,,,,,,,,,,,,
2026,2021039370,2026-09-01,1961412,マルテ,Malte,23,,376,,,,,,,,,,,,,,,,,,,2,1.0,0.0,0,0,2.31,1.0,1.0,,,0,0,0,0,0,,0,0,0,,3,12
2026,2021039370,2026-09-01,2000098,来田 涼斗,,38,右,11,1.0,1,4,4,0,1,1,0,0,0,0,,0,2,0,0,0,0,,,,,,,,,,,,,,,,,,,,,,
2026,2021039370,2026-09-01,2050019,片山 楽生,Katayama Rakusei,49,,11,,,,,,,,,,,,,,,,,,,6,1.0,0.0,2,1,3.60,1.0,1.0,,,0,1,0,0,0,,0,0,0,,4,11
2026,2021039370,2026-09-01,2103614,小森 航大郎,,73,右,376,1.0,0,0,0,0,0,0,0,0,0,0,,0,0,0,0,0,0,,,,,,,,,,,,,,,,,,,,,,
2026,2021039370,2026-09-01,2103713,権田 琉成,Gonda Ryuu Sei,98,,11,,,,,,,,,,,,,,,,,,,5,1.0,0.0,1,0,4.08,2.0,2.0,,,0,0,0,0,0,,0,1,0,,6,24
2026,2021039370,2026-09-01,2103740,YG安田,,55,一,376,1.0,1,4,4,0,1,0,0,0,2,0,,0,1,0,0,0,0,,,,,,,,,,,,,,,,,,,,,,
2026,2021039370,2026-09-01,2103747,渡部 遼人,,0,打中,11,1.0,0,1,1,0,1,0,0,0,0,0,,0,0,0,0,0,0,,,,,,,,,,,,,,,,,,,,,,
2026,2021039370,2026-09-01,2105283,平良 竜哉,,48,走三,376,1.0,0,0,0,0,0,0,0,0,0,0,,0,0,0,0,0,0,,,,,,,,,,,,,,,,,,,,,,
2026,2021039370,2026-09-01,2106793,荘司 康誠,Shouji Yasushi Makoto,19,,376,,,,,,,,,,,,,,,,,,,1,1.0,,7,9,3.92,8.0,8.0,,,0,7,0,0,0,,0,11,0,,30,118
2026,2021039370,2026-09-01,2110153,麦谷 祐介,,8,中,11,1.0,1,2,2,0,0,0,0,0,0,0,,0,2,0,0,0,0,,,,,,,,,,,,,,,,,,,,,,
2026,2021039370,2026-09-01,2117852,東山 玲士,Higashiyama Reishi,54,,11,,,,,,,,,,,,,,,,,,,4,1.0,0.0,0,0,4.76,1.0,1.0,,,0,2,2,2,0,,1,1,0,,6,26
2026,2021039370,2026-09-01,2117858,陽 柏翔,,75,二,376,1.0,1,3,3,1,2,0,0,0,0,0,,0,1,0,0,0,0,,,,,,,,,,,,,,,,,,,,,,
2026,2021039370,2026-09-01,2122300,マッカスカー,,34,左,376,1.0,1,4,4,0,3,0,1,0,2,0,,0,0,0,0,0,0,,,,,,,,,,,,,,,,,,,,,,
2026,2021039362,2026-09-02,1000138,大野 雄大,Oono Yuudai,22,投,4,1.0,1,2,1,0,0,0,0,0,0,0,,0,0,0,1,0,0,1,1.0,,9,5,2.08,6.666666666666667,6.2,,,0,5,2,2,0,,5,2,0,,29,117
2026,2021039362,2026-09-02,1100082,菊池 涼介,,33,二,6,1.0,1,5,5,1,2,1,0,0,3,0,,0,0,0,0,0,0,,,,,,,,,,,,,,,,,,,,,,
2026,2021039362,2026-09-02,1300079,上林 誠知,,51,右,4,1.0,1,4,4,0,0,0,0,0,0,0,,0,0,0,0,0,0,,,,,,,,,,,,,,,,,,,,,,
2026,2021039362,2026-09-02,1561854,サノー,,23,一,4,1.0,1,4,4,0,0,0,0,0,0,0,,0,1,0,0,0,0,,,,,,,,,,,,,,,,,,,,,,
2026,2021039362,2026-09-02,1600085,細川 成也,,55,左,4,1.0,1,4,3,0,1,0,0,0,0,0,,1,1,0,0,0,0,,,,,,,,,,,,,,,,,,,,,,
2026,2021039362,2026-09-02,1600110,藤嶋 健人,Fujishima Taketo,54,投,4,1.0,0,0,0,0,0,0,0,0,0,0,,0,0,0,0,0,0,2,1.0,0.0,3,2,3.86,0.0,0.0,,,0,2,3,3,0,,3,0,0,,5,24
2026,2021039362,2026-09-02,1600123,床田 寛樹,Tokoda Hiroki,19,投,6,1.0,1,4,4,0,1,0,0,0,0,0,,0,1,0,0,0,0,1,1.0,,6,4,2.86,8.0,8.0,,,0,4,1,1,1,,2,2,0,,29,105
2026,2021039362,2026-09-02,1600124,坂倉 将吾,,31,一,6,1.0,1,5,3,1,0,0,0,0,0,0,,2,1,0,0,0,0,,,,,,,,,,,,,,,,,,,,,,
2026,2021039362,2026-09-02,1651376,福元 悠真,,40,打,4,1.0,0,1,1,0,0,0,0,0,0,0,,0,0,0,0,0,0,,,,,,,,,,,,,,,,,,,,,,
2026,2021039362,2026-09-02,1750701,田中 幹也,,2,遊,4,1.0,1,3,3,1,1,0,0,1,1,0,,0,0,0,0,0,0,,,,,,,,,,,,,,,,,,,,,,
2026,2021039362,2026-09-02,1800079,大盛 穂,,59,中,6,1.0,1,5,5,1,2,0,1,0,1,0,,0,1,0,0,0,0,,,,,,,,,,,,,,,,,,,,,,
2026,2021039362,2026-09-02,1850405,名原 典彦,,92,右左,6,1.0,1,5,3,1,0,0,0,0,0,0,,2,0,0,0,0,0,,,,,,,,,,,,,,,,,,,,,,
2026,2021039362,2026-09-02,1851138,草加 勝,Souka Kachi,14,投,4,1.0,0,0,0,0,0,0,0,0,0,0,,0,0,0,0,0,0,4,1.0,0.0,0,1,2.61,1.0,1.0,,,0,0,0,0,0,,1,1,0,,4,25
2026,2021039362,2026-09-02,1900037,石川 昂弥,,25,三,4,1.0,1,4,4,0,1,0,0,0,0,0,,0,0,0,0,0,0,,,,,,,,,,,,,,,,,,,,,,
2026,2021039362,2026-09-02,1900058,持丸 泰輝,,57,捕,6,1.0,1,4,2,0,0,0,0,0,0,0,,1,1,0,1,0,0,,,,,,,,,,,,,,,,,,,,,,
2026,2021039362,2026-09-02,2000043,森 博人,Mori Hiroto,62,投,4,1.0,0,0,0,0,0,0,0,0,0,0,,0,0,0,0,0,0,3,1.0,0.0,0,0,0.00,1.3333333333333333,1.1,,,0,0,0,0,0,,0,2,0,,4,16
2026,2021039362,2026-09-02,2000066,二俣 翔一,,99,三,6,1.0,0,0,0,0,0,0,0,0,0,0,,0,0,0,0,0,0,,,,,,,,,,,,,,,,,,,,,,
2026,2021039362,2026-09-02,2050203,佐々木 泰,,10,三一,6,1.0,1,5,4,0,2,0,0,0,1,0,,1,0,0,0,0,0,,,,,,,,,,,,,,,,,,,,,,
2026,2021039362,2026-09-02,2100275,花田 旭,,57,中,4,1.0,1,3,3,0,0,0,0,0,0,0,,0,1,0,0,0,0,,,,,,,,,,,,,,,,,,,,,,
2026,2021039362,2026-09-02,2103780,福永 裕基,,7,二,4,1.0,1,4,4,0,0,0,0,0,0,0,,0,1,0,0,0,0,,,,,,,,,,,,,,,,,,,,,,
2026,2021039362,2026-09-02,2105102,石伊 雄太,,9,捕,4,1.0,1,3,2,0,1,0,0,0,0,0,,1,0,0,0,0,0,,,,,,,,,,,,,,,,,,,,,,
2026,2021039362,2026-09-02,2107875,久保 修,,56,右,6,1.0,0,1,1,0,0,0,0,0,0,0,,0,1,0,0,0,0,,,,,,,,,,,,,,,,,,,,,,
2026,2021039362,2026-09-02,2107887,辰見 鴻之介,,69,走,6,1.0,0,0,0,0,0,0,0,0,0,1,,0,0,0,0,0,0,,,,,,,,,,,,,,,,,,,,,,
2026,2021039362,2026-09-02,2108238,ターノック,Ta- Knock,42,投,6,1.0,0,0,0,0,0,0,0,0,0,0,,0,0,0,0,0,0,2,1.0,0.0,0,4,3.77,1.0,1.0,,,0,0,0,0,0,,0,2,0,,3,14
2026,2021039362,2026-09-02,2110422,勝田 成,,0,遊,6,1.0,1,4,4,0,0,0,0,0,0,0,,0,0,0,0,0,0,,,,,,,,,,,,,,,,,,,,,,
2026,2021039362,2026-09-02,2114882,ファビアン,,61,左,6,1.0,1,4,1,1,0,0,0,0,0,0,,3,0,0,0,0,0,,,,,,,,,,,,,,,,,,,,,,
